time,desired_distance.y,intervehicular_distance.y,forward_car.y,ego_car.y,ego_car.speedSensor.v,ego_car.accSensor.a
0.0,10.0,10.0,10.0,0.0,0.0,0.0
0.004420816565141667,10.0,10.011067534185237,10.01106914208333,1.6078980935578812e-06,0.0010000001001000233,0.3834276634814846
0.004420816565141667,10.0,10.011067534185237,10.01106914208333,1.6078980935578812e-06,0.0010000001001000233,0.38342767820587303
0.1,10.0,10.250070093349645,10.258750000007572,0.008679906657926116,0.22889755550850382,3.7779013392544103
0.2,10.0,10.48025905401984,10.535000000007571,0.054740945987732284,0.7332683069858527,6.230049431798987
0.3,10.0,10.666143205707758,10.828750000007572,0.1626067942998136,1.4551072339742417,8.090673432021406
0.4,10.0,10.789265324944024,11.140000000007571,0.3507346750635477,2.3256487549640203,9.181704813649272
0.5,10.0,10.838787953817551,11.46875000000757,0.629962046190019,3.2627970258828705,9.41645921538302
0.6,10.0,10.81235487385135,11.815000000007572,1.0026451261562226,4.180639413379974,8.805296519091671
0.7,10.0,10.71599198409796,12.178750000007572,1.4627580159096125,4.998977405794119,7.4504080059015525
0.8,10.0,10.56309814444988,12.560000000007571,1.9969018555576923,5.651834072539453,5.530807643711604
0.9,10.0,10.372673994604934,12.958750000007571,2.586076005402637,6.09405189157247,3.2795723693518775
1.0,10.0,10.16701447861257,13.37500000000757,3.2079855213950013,6.305342364549833,0.956141028210405
1.1,10.0,9.969139059315701,13.80875000000757,3.8396109406918693,6.291451879997045,-1.1830910661915137
1.2,10.0,9.800251086492285,14.26000000000757,4.459748913515285,6.082439920526641,-2.912603412451703
1.3,10.0,9.677502137276488,14.72875000000757,5.051247862731084,5.728378074934308,-4.06103758263715
1.4,10.0,9.612292106869434,15.21500000000757,5.602707893138136,5.293048994856154,-4.527598045831801
1.5,10.0,9.609268052416304,15.71875000000757,6.109481947591267,4.846415537148007,-4.290068970383321
1.6,10.0,9.66610119300061,16.24000000000757,6.57389880700696,4.456733258593774,-3.403932517573743
1.7,10.0,9.774034020915657,16.77875000000757,7.004715979091912,4.1831805441068886,-1.993055618627469
1.8,10.0,9.919105159318981,17.335000000007568,7.415894840688587,4.069787510785468,-0.2333174915881599
1.9,10.0,10.08389032433764,17.90875000000757,7.824859675669929,4.141271437667773,1.6687470583430555
2.0,10.0,10.249547682572894,18.500000000007567,8.250452317434673,4.4011519285113625,3.49975141899347
2.1,10.0,10.39793199064499,19.108750000007575,8.710818009362585,4.832257028764326,5.063013135173091
2.2,10.0,10.513544051282596,19.735000000007577,9.221455948724982,5.399463993420369,6.199303829849766
2.3,10.0,10.585109718155856,20.378750000007578,9.793640281851722,6.054283447162599,6.802644993737236
2.4,10.0,10.606631935575033,21.040000000007584,10.433368064432551,6.740708804850197,6.829634492101455
2.5,10.0,10.577822919115563,21.71875000000759,11.140927080892025,7.401640404741786,6.301552612869788
2.6,10.0,10.503895662746812,22.415000000007595,11.911104337260783,7.985158958320435,5.299323509578514
2.7,10.0,10.394764121827588,23.128750000007603,12.733985878180015,8.449970070705847,3.952178689387723
2.8,10.0,10.26376448082754,23.86000000000761,13.59623551918007,8.769461032159477,2.421528706502479
2.9,10.0,10.126056892401948,24.608750000007614,14.482693107605666,8.933985103565208,0.8820034463991611
3.0,10.0,9.996895624194952,25.375000000007624,15.378104375812672,8.95119976075616,-0.4981487946053889
3.1,10.0,9.889961728811059,26.158750000007625,16.268788271196566,8.84450318746985,-1.5751386770653644
3.2,10.0,9.815937393296899,26.960000000007636,17.144062606710737,8.649820753191102,-2.2442837975354455
3.3,10.0,9.781467345470993,27.77875000000764,17.997282654536647,8.411160619191628,-2.4497743466156643
3.4,10.0,9.788604064344593,28.61500000000765,18.826395935663058,8.17547550236041,-2.188701264273635
3.5,10.0,9.834777156824515,29.468750000007656,19.63397284318314,7.9874195060524436,-1.5091474063792265
3.6,10.0,9.913267926359595,30.340000000007663,20.42673207364807,7.884575987023347,-0.5028027278799624
3.7,10.0,10.014116417443756,31.228750000007675,21.21463358256392,7.893657014156431,0.706864762613407
3.8,10.0,10.125343651113784,32.13500000000768,22.009656348893895,8.02804743056766,1.9794048030998646
3.9,10.0,10.234342721462653,33.05875000000769,22.82440727854504,8.286905532318004,3.1734124136895425
4.0,10.0,10.329279887245029,34.0000000000077,23.670720112762673,8.655852380544674,4.1619877409981445
4.1,10.0,10.400352467971413,34.95875000000769,24.558397532036278,9.109108823147333,4.845965835075498
4.2,10.0,10.44077244411854,35.93500000000769,25.49422755588915,9.612785720109159,5.163567472783486
4.3,10.0,10.447379872497404,36.92875000000768,26.481370127510278,10.128920734983648,5.095565909106565
4.4,10.0,10.420834955041006,37.94000000000767,27.519165044966666,10.619789588785824,4.665595815949383
4.5,10.0,10.365385307191097,38.96875000000766,28.603364692816562,11.052010086296427,3.935772048719366
4.6,10.0,10.28825162484874,40.01500000000766,29.72674837515892,11.399997912613225,2.998293937277191
4.7,10.0,10.198715833650539,41.07875000000766,30.88003416635712,11.648427413151389,1.9641307505250054
4.8,10.0,10.10702366768163,42.160000000007656,32.052976332326025,11.793482435122739,0.9501408355928092
4.9,10.0,10.023223688654276,43.25875000000765,33.235526311353375,11.84278161541827,0.0660471032608595
5.0,10.0,9.956080176391275,44.375000000007645,34.41891982361637,11.814061927922234,-0.5972214561935362
5.1,10.0,9.912172597105766,45.50875000000763,35.596577402901865,11.732820264434094,-0.9766411077637085
5.2,10.0,9.895269800226849,46.66000000000762,36.76473019978077,11.629206692404985,-1.0427933581602031
5.3,10.0,9.906037536743781,47.82875000000761,37.92271246326383,11.534540995231668,-0.8016553191764758
5.4,10.0,9.942096593406283,49.01500000000761,39.07290340660133,11.477848739074354,-0.2924568204258857
5.5,10.0,9.998410336900974,50.218750000007596,40.22033966310662,11.482793040805312,0.4179955869543321
5.6,10.0,10.067945789070833,51.44000000000757,41.37205421093674,11.565320124352091,1.24376314573947
5.7,10.0,10.142524537550422,52.678750000007575,42.53622546245715,11.732245391804168,2.0899500285852333
5.8,10.0,10.213762716080353,53.935000000007555,43.7212372839272,11.980894522960368,2.8634273568860507
5.9,10.0,10.273993844366814,55.20875000000754,44.93475615564073,12.299794452424827,3.482914195941147
6.0,10.0,10.317074599078133,56.500000000007525,46.18292540092939,12.670294781272098,3.887342919954692
6.1,10.0,10.33899057243569,57.808750000007514,47.46975942757182,13.068903678962752,4.0416684733162045
6.2,10.0,10.338204377163208,59.13500000000751,48.7967956228443,13.470053479152046,3.939595095520861
6.3,10.0,10.315718975425625,60.47875000000748,50.163031024581855,13.848976246420403,3.6030524800584125
6.4,10.0,10.274861315805282,61.840000000007485,51.5651386842022,14.184371027622678,3.0786152725003433
6.5,10.0,10.220821655774117,63.21875000000746,52.997928344233344,14.460580634524995,2.4313853395542298
6.6,10.0,10.160009101381526,64.61500000000744,54.454990898625915,14.669061119145614,1.7371112870935137
6.7,10.0,10.099301423100108,66.02875000000743,55.929448576907326,14.809013905837888,1.073479508468182
6.8,10.0,10.04527530280388,67.46000000000741,57.41472469720353,14.88714638358079,0.5115606804055454
6.9,10.0,10.003501918458404,68.90875000000742,58.90524808154901,14.916624014183606,0.1083394450894557
7.0,10.0,9.977981854204636,70.37500000000739,60.397018145802754,14.915362720514139,-0.09890492986952663
7.1,10.0,9.970775065494706,71.85875000000736,61.887974934512656,14.903875217832171,-0.09583251469693028
7.2,10.0,9.98185803416606,73.36000000000735,63.37814196584129,14.90292498941049,0.10836056849142148
7.3,10.0,10.009214113351192,74.87875000000733,64.86953588665614,14.931251779734588,0.48293646343105306
7.4,10.0,10.04913738690685,76.41500000000731,66.36586261310046,15.003613557707476,0.9798743684274754
7.5,10.0,10.096707919335913,77.96875000000729,67.87204208067138,15.129345090843916,1.5398342624758603
7.6,10.0,10.146379360046495,79.54000000000725,69.39362063996076,15.311568537292818,2.099103762780898
7.7,10.0,10.192610100511047,81.12875000000726,70.93613989949621,15.547114689563804,2.59672943412947
7.8,10.0,10.230467328963414,82.73500000000722,72.5045326710438,15.827133558040284,2.981047225568551
7.9,10.0,10.256139255305683,84.35875000000722,74.10261074470154,16.138298708987122,3.21492512084376
8.0,10.0,10.2673035165067,86.0000000000072,75.7326964835005,16.46444903369824,3.279200326154808
8.1,10.0,10.263317645356139,87.65875000000717,77.39543235465104,16.78847048536963,3.1740119948907455
8.2,10.0,10.245218327831282,89.33500000000716,79.08978167217587,17.094202450855512,2.917972671501477
8.3,10.0,10.21553758765701,91.02875000000715,80.81321241235014,17.368159803131693,2.5453598761070557
8.4,10.0,10.177963652365762,92.74000000000713,82.56203634764137,17.60089051573687,2.101717604854892
8.5,10.0,10.136890085991155,94.4687500000071,84.33185991401595,17.787836506268697,1.6384150806852855
8.6,10.0,10.096906928998976,96.21500000000708,86.1180930710081,17.929624179191723,1.2067989776340415
8.7,10.0,10.062291937924968,97.97875000000704,87.91645806208207,18.031777457124466,0.8525956371678837
8.8,10.0,10.036557324339086,99.76000000000704,89.72344267566795,18.103908976046984,0.6111623033818853
8.9,10.0,10.022099072215951,101.55875000000701,91.53665092779106,18.15849954385617,0.5040692878084357
9.0,10.0,10.019982751495363,103.37500000000698,93.35501724851161,18.209416346996008,0.5373295317181975
9.1,10.0,10.029883424964424,105.20875000000694,95.17886657504252,18.27034248395902,0.70139901866138
9.2,10.0,10.05017970297186,107.0600000000069,97.00982029703503,18.353292787464166,0.9728732791559099
9.3,10.0,10.0781851920201,108.9287500000069,98.8505648079868,18.467374111733264,1.3176235420709446
9.4,10.0,10.110486309832012,110.81500000000688,100.70451369017486,18.61791494505601,1.6949699918944265
9.5,10.0,10.143345149869177,112.71875000000684,102.57540485013766,18.806043685731385,2.062393487754973
9.6,10.0,10.173120726407944,114.64000000000681,104.46687927359886,19.028742663530302,2.380249360176382
9.7,10.0,10.19666189302103,116.57875000000678,106.38208810698575,19.27935197594765,2.615969204220313
9.8,10.0,10.211630283641796,118.53500000000678,108.32336971636498,19.548449249525373,2.7473140097292257
9.9,10.0,10.21672101094623,120.50875000000674,110.29202898906051,19.82499355006832,2.7643637791798206
10.0,10.0,10.211761366061722,122.5000000000067,112.28823863394497,20.09759756306446,2.6700798451443113
10.1,10.0,10.197681900752357,124.50875000000669,114.31106809925433,20.355783899456743,2.4794386992514696
10.2,10.0,10.176368416447147,126.53500000000665,116.3586315835595,20.59108913204183,2.2172919401214806
10.3,10.0,10.150416090272486,128.57875000000666,118.42833390973418,20.797901856744893,1.915240134233156
10.4,10.0,10.122816521813547,130.64000000000664,120.51718347819309,20.973954125092938,1.6079016198918368
10.5,10.0,10.096614832824685,132.7187500000066,122.62213516718191,21.120427677265592,1.3290105393756848
10.6,10.0,10.07457538331711,134.81500000000656,124.74042461668945,21.241679544537114,1.1077758481340885
10.7,10.0,10.058892202540875,136.92875000000652,126.86985779746564,21.344632997344952,0.9658874321643179
10.8,10.0,10.050973824375518,139.06000000000654,129.00902617563102,21.43791438324008,0.915468452523091
10.9,10.0,10.051322847878907,141.20875000000652,131.1574271521276,21.530840694500316,0.9581571973684391
11.0,10.0,10.059519357969094,143.37500000000645,133.31548064203736,21.63237455177889,1.0853708475776298
11.1,10.0,10.074305631803412,145.55875000000643,135.48444436820301,21.750161916713854,1.279672517457777
11.2,10.0,10.093758621851947,147.76000000000641,137.66624137815447,21.889753961678444,1.5170459926814406
11.3,10.0,10.115527706140966,149.97875000000641,139.86322229386545,22.054090169817133,1.769791890123357
11.4,10.0,10.137109029229833,152.21500000000637,142.07789097077654,22.24328800822744,2.0097032814204407
11.5,10.0,10.156124977087273,154.46875000000634,144.31262502291906,22.45474917990459,2.211162749802049
11.6,10.0,10.170578095710965,156.74000000000626,146.5694219042953,22.68355751929383,2.3538264841914214
11.7,10.0,10.179052844198765,159.02875000000623,148.84969715580746,22.923112844928454,2.4246201193535564
11.8,10.0,10.180845383546796,161.3350000000063,151.1541546164595,23.165921698386125,2.4188576804779354
11.9,10.0,10.17601028446029,163.65875000000622,153.48273971554593,23.404452122120723,2.340398571957435
12.0,10.0,10.1653225590739,166.00000000000617,155.83467744093227,23.63195653024861,2.200865993349535
12.1,10.0,10.15016278684152,168.35875000000618,158.20858721316466,23.843174442233053,2.0180521984163518
12.2,10.0,10.132340970392903,170.73500000000612,160.60265902961322,24.034843235496176,1.813717435164046
12.3,10.0,10.113881072751639,173.1287500000061,163.01486892725447,24.205969558962174,1.611049886254636
12.4,10.0,10.096791302363528,175.5400000000061,165.44320869764258,24.357841841761353,1.4320769718934476
12.5,10.0,10.082845814010824,177.96875000000608,167.88590418599526,24.49379347365073,1.2953125578681384
12.6,10.0,10.073401146273824,180.41500000000602,170.3415988537322,24.6187530100517,1.2138866437175326
12.7,10.0,10.06926594369412,182.878750000006,172.80948405631187,24.738639440366878,1.1943410694314243
12.8,10.0,10.070635918575647,185.360000000006,175.28936408143036,24.859674998937955,1.2361944051896003
12.9,10.0,10.07709838924032,187.85875000000595,177.78165161076564,24.987693926406095,1.3322909736794977
13.0,10.0,10.087702962366365,190.3750000000059,180.28729703763955,25.127522719438556,1.4698628414513213
13.1,10.0,10.101087860129894,192.9087500000059,182.80766213987602,25.282496423498454,1.6321588969706868
13.2,10.0,10.115645768979505,195.46000000000583,185.34435423102633,25.454157966160242,1.8004394665170118
13.3,10.0,10.129709458225108,198.02875000000586,187.89904054178075,25.642165588263666,1.956103566935507
13.4,10.0,10.141736094673973,200.61500000000584,190.47326390533186,25.844409683181095,2.0827112515781656
13.5,10.0,10.150470211182295,203.21875000000577,193.06827978882347,26.05731746560853,2.1676849569878973
13.6,10.0,10.155068460519033,205.84000000000574,195.6849315394867,26.276304320196726,2.20351787053868
13.7,10.0,10.155174162581204,208.47875000000573,198.32357583742453,26.49631642021403,2.188378325277075
13.8,10.0,10.150935642034284,211.13500000000576,200.98406435797148,26.712401583043576,2.126069873686265
13.9,10.0,10.142968743308813,213.8087500000057,203.66578125669687,26.920244983277986,2.025378715638353
14.0,10.0,10.132269909058465,216.50000000000566,206.3677300909472,27.116612687305885,1.8989049023643205
14.1,10.0,10.120091467814149,219.20875000000564,209.0886585321915,27.299658603866618,1.7615274518262267
14.2,10.0,10.10779427921932,221.93500000000557,211.82720572078625,27.46906714587971,1.6286857011264138
14.3,10.0,10.09669477042155,224.67875000000558,214.58205522958403,27.62602298390176,1.5146721844641822
14.4,10.0,10.087923279163476,227.44000000000557,217.3520767208421,27.773018495660224,1.4311226943294344
14.5,10.0,10.082308671485947,230.2187500000055,220.13644132851957,27.913526765216776,1.3858598291592963
14.6,10.0,10.080300704587756,233.01500000000547,222.93469929541772,28.05158146771171,1.3822011771630425
14.7,10.0,10.081937005178958,235.82875000000544,225.74681299482648,28.19131338092976,1.4187879274129578
14.8,10.0,10.08685637879745,238.66000000000545,228.573143621208,28.336495891747603,1.489930601757708
14.9,10.0,10.09435504148746,241.5087500000054,231.41439495851793,28.490148672009216,1.5864123636790333
15.0,10.0,10.103477829303387,244.37500000000537,234.27152217070199,28.654240278707036,1.6966429896869544
15.1,10.0,10.113132962969445,247.25875000000534,237.1456170370359,28.829517926069638,1.8080228731283972
15.2,10.0,10.122216859239927,250.16000000000528,240.03778314076536,29.01547761823418,1.908359467641032
15.3,10.0,10.12973495568275,253.0787500000053,242.94901504432255,29.210471969944738,1.98717951139241
15.4,10.0,10.134905543100984,256.0150000000053,245.8800944569043,29.41193814232408,2.0367983490548656
15.5,10.0,10.137235999121458,258.96875000000523,248.83151400088377,29.616715966196967,2.0530399757815645
15.6,10.0,10.136564287865355,261.94000000000517,251.80343571213982,29.82141774102852,2.0355441695806973
15.7,10.0,10.13306265972625,264.92875000000515,254.7956873402789,30.02280724795816,1.9876445474284588
15.8,10.0,10.127204729407822,267.9350000000051,257.8077952705973,30.21814620401222,1.9158488194700953
15.9,10.0,10.11970110351649,270.9587500000051,260.83904889648863,30.405471773717196,1.828995103315775
16.0,10.0,10.111411884327083,274.0000000000051,263.88858811567803,30.583777805915428,1.7371897430412808
16.1,10.0,10.103246625328666,277.0587500000052,266.95550337467654,30.75308366146536,1.6506525367592895
16.2,10.0,10.096063937196789,280.1350000000051,270.0389360628083,30.91438286886298,1.5786099116895402
16.3,10.0,10.090578959620927,283.22875000000516,273.13817104038424,31.069512289264825,1.5283108792765765
16.4,10.0,10.087291864096414,286.3400000000051,276.2527081359087,31.220900762228,1.5043315238485326
16.5,10.0,10.08643777971173,289.4687500000051,279.3823122202934,31.371290822233945,1.5081320354283392
16.6,10.0,10.0879786029559,292.61500000000524,282.52702139704934,31.523400505478655,1.538110600539118
16.7,10.0,10.091619783924557,295.77875000000523,285.6871302160807,31.67964511091755,1.589912283916245
16.8,10.0,10.096850634978694,298.9600000000053,288.86314936502663,31.841899310003498,1.6569850115162201
16.9,10.0,10.103005253820413,302.15875000000534,292.0557447461849,32.01129920235005,1.7313501294476459
17.0,10.0,10.109345105936598,305.3750000000054,295.2656548940688,32.18815071159812,1.8045706226701939
17.1,10.0,10.11514383781514,308.60875000000556,298.4936061621904,32.37193295641669,1.8687034235526674
17.2,10.0,10.119766642630111,311.8600000000055,301.7402333573754,32.5613875313014,1.9171533759436272
17.3,10.0,10.122733942933337,315.1287500000056,305.00601605707226,32.75469806453728,1.945311860334915
17.4,10.0,10.123765485988542,318.41500000000565,308.2912345140171,32.94970714467013,1.9509590101083227
17.5,10.0,10.122807940773725,321.7187500000058,311.5959420592321,33.14415317109866,1.9344717809149157
17.6,10.0,10.120022714079653,325.040000000006,314.91997728592634,33.33594756315557,1.8985672324268978
17.7,10.0,10.115763326499064,328.37875000000594,318.2629866735069,33.523368304604006,1.8479645170950707
17.8,10.0,10.110531198629644,331.73500000000615,321.6244688013765,33.705244405503365,1.7888079982794658
17.9,10.0,10.10491362284722,335.1087500000061,325.0038363771589,33.881058342983025,1.7279254566706226
18.0,10.0,10.099515351141747,338.50000000000625,328.4004846488645,34.050978383689646,1.672044798361833
18.1,10.0,10.094889236688914,341.9087500000064,331.8138607633175,34.21581285519644,1.6270338353608802
18.2,10.0,10.091480583657642,345.3350000000064,335.24351941634876,34.376884315352434,1.5973288223777853
18.3,10.0,10.089583137270665,348.77875000000654,338.6891668627359,34.53587059480097,1.585508220950357
18.4,10.0,10.089316231930127,352.24000000000655,342.1506837680764,34.69460154419937,1.59212351035852
18.5,10.0,10.090613752203012,355.7187500000066,345.6281362478036,34.85486109351267,1.6156605736636263
18.6,10.0,10.093242672881104,359.2150000000067,349.1217573271256,35.01819118981758,1.6528328823653633
18.7,10.0,10.096835938514118,362.72875000000676,352.63191406149264,35.18573507934698,1.6990189373707558
18.8,10.0,10.100935738186536,366.2600000000069,356.1590642618204,35.35812708249846,1.748796547153476
18.9,10.0,10.105047680182224,369.8087500000069,359.7037023198247,35.53544169968094,1.7965740183072607
19.0,10.0,10.108698286406309,373.3750000000071,363.2663017136008,35.717216904168716,1.837226651538341
19.1,10.0,10.111484591366377,376.9587500000072,366.84726540864085,35.902523637420295,1.8666244974028092
19.2,10.0,10.113115607664156,380.5600000000073,370.4468843923431,36.09008384793157,1.8820476153170187
19.3,10.0,10.11343828856684,384.1787500000075,374.06531171144064,36.27843435720331,1.8824072855612106
19.4,10.0,10.112448326773176,387.81500000000744,377.70255167323427,36.46608451282867,1.8682992954732591
19.5,10.0,10.110287194713635,391.46875000000756,381.3584628052939,36.651680298836105,1.8418996883593408
19.6,10.0,10.107215849997942,395.1400000000077,385.0327841500098,36.8341572337053,1.8066031237076428
19.7,10.0,10.103582588738675,398.82875000000774,388.72516741126907,37.01283348038793,1.7666209308868883
19.8,10.0,10.099783378214624,402.5350000000078,392.4352166217932,37.187465894754766,1.7265109716230616
19.9,10.0,10.096216604096412,406.25875000000786,396.16253339591145,37.35826699912049,1.6906614123818229
20.0,10.0,10.093237503067883,410.00000180257297,399.9067642995051,37.525857580128076,1.6627983300352314
20.1,10.0,10.078867740787018,413.74623987099267,403.66737213020565,37.6819421255648,1.4092457399285652
20.2,10.0,10.04310144047173,417.48498038471695,407.4418789442452,37.80004665375057,0.9201095576116395
20.3,10.0,9.990767100997004,421.2162208983785,411.2254537973815,37.86056929116532,0.26957506907043705
20.4,10.0,9.928306986947575,424.93996141203274,415.01165442508517,37.85116736455958,-0.4645831081493484
20.5,10.0,9.862993591225063,428.6562019256932,418.79320833446815,37.76764595885942,-1.1987747178154882
20.6,10.0,9.802102526495162,432.364942439337,422.56283991284187,37.61407673687625,-1.852948748801279
20.7,10.0,9.752118348326405,436.0661829529845,426.3140646046581,37.40199367960095,-2.3591774526655738
20.8,10.0,9.718061985698057,439.75992346663287,430.0418614809348,37.14881867413332,-2.6685357159354046
20.9,10.0,9.703005403898885,443.4461639802793,433.74315857638044,36.8757168620044,-2.7556311261659556
21.0,10.0,9.707819220125259,447.12490449392675,437.4170852738015,36.60512987296723,-2.620374384794226
21.1,10.0,9.731170235145157,450.79614500757424,441.0649747724291,36.358275075651704,-2.286926175511248
21.2,10.0,9.769761137526928,454.4598855212213,444.69012438369435,36.15288442207346,-1.8000249786748044
21.3,10.0,9.818772582158545,458.11612603486867,448.2973534527101,36.00141933615392,-1.2192455470272798
21.4,10.0,9.872452980563537,461.76486654851584,451.8924135679523,35.909935444294966,-0.611877328389671
21.5,10.0,9.924784917677528,465.4061070621631,455.48132214448555,35.87769198467018,-0.0452627793811908
21.6,10.0,9.970152731022893,469.03984757581037,459.0696948447875,35.89752101721213,0.4205495689267642
21.7,10.0,10.003937533848159,472.6660880894576,462.66215055560946,35.95688149182754,0.7390407400632355
21.8,10.0,10.0229785799051,476.2848286031049,466.2618500231998,36.039452976431164,0.8817210678383008
21.9,10.0,10.025856042522207,479.8960691167521,469.87021307422987,36.12707483528242,0.8404725128718813
22.0,10.0,10.012972843601858,483.49980963039934,473.4868367867975,36.201804331166386,0.6275796843789324
22.1,10.0,9.986432662453524,487.09605014404667,477.10961748159315,36.24786406747132,0.2735164115918795
22.2,10.0,9.94973901752104,490.68479065769384,480.7350516401728,36.253269805519984,-0.17714183480140305
22.3,10.0,9.907354069794565,494.26603117134107,484.3586771015465,36.21097633181655,-0.6711747072820283
22.4,10.0,9.864171672923021,497.8397716849883,487.9756000120653,36.11943772803753,-1.1528847825276496
22.5,10.0,9.82496527568594,501.40601219863555,491.5810469229496,35.98254223697443,-1.5702775454747633
22.6,10.0,9.793872778365937,504.9647527122828,495.17087993391686,35.80895786760813,-1.8805708588304346
22.7,10.0,9.773972353156296,508.51599322593,498.7420208727737,35.610985750793844,-2.054468657732616
22.8,10.0,9.766991797970604,512.0597337395773,502.29274194160666,35.403065360751995,-2.078782696906117
22.9,10.0,9.77317674748349,515.5959742532244,505.82279750574094,35.20010989072613,-1.95719485013779
23.0,10.0,9.791327353812505,519.1247147668718,509.33338741305926,35.0158597695897,-1.7091332222280025
23.1,10.0,9.818989925686424,522.645955280519,512.8269653548326,34.861435036528334,-1.3669920661838437
23.2,10.0,9.85277748162548,526.159695794166,516.3069183125406,34.744234057394074,-0.9720519483304427
23.3,10.0,9.888778358462673,529.6659363078135,519.7771579493508,34.66728332198993,-0.5696046578917274
23.4,10.0,9.923005140408236,533.1646768214606,523.2416716810524,34.62909319977051,-0.20384315728631547
23.5,10.0,9.951832443376475,536.6559173351079,526.7040848917314,34.62401167833381,0.08690824997047768
23.6,10.0,9.97237679950399,540.1396578487552,530.1672810492512,34.64301615708147,0.2741236557862926
23.7,10.0,9.982779595986585,543.6158983624023,533.6331187664157,34.674839651879196,0.341770801008797
23.8,10.0,9.982366756111901,547.0846388760496,537.1022721199377,34.707294019267025,0.2875351947278475
23.9,10.0,9.971671579060967,550.5458793896968,540.5742078106358,34.72863842936634,0.1224858253402563
24.0,10.0,9.952325749373017,553.9996199033441,544.047294153971,34.728839842765915,-0.13069501369552372
24.1,10.0,9.926834965022636,557.4458604169913,547.5190254519687,34.700594472589835,-0.44067616548100036
24.2,10.0,9.898268923652608,560.8846009306385,550.9863320069859,34.64000949110987,-0.7712582866014036
24.3,10.0,9.869902527948625,564.3158414442858,554.4459389163371,34.54688244608468,-1.0855291547708188
24.4,10.0,9.844850284355402,567.739581957933,557.8947316735776,34.42456696987635,-1.349916638481623
24.5,10.0,9.825733592443271,571.1558224715801,561.3300888791368,34.27945702015088,-1.5377068915984409
24.6,10.0,9.814415829653285,574.5645629852274,564.7501471555742,34.12016125535519,-1.631666294107792
24.7,10.0,9.811830988495103,577.9658034988746,568.1539725103795,33.956470938179805,-1.625522281459857
24.8,10.0,9.817921551131803,581.359544012522,571.5416224613901,33.798241819228885,-1.5241788149007873
24.9,10.0,9.831686542024727,584.745784526169,574.9140979841443,33.654317518031185,-1.3427110372513258
25.0,10.0,9.851330576475561,588.1245250398163,578.2731944633407,33.53160832267956,-1.1042915490621554
25.1,10.0,9.874493044630299,591.4957655534637,581.6212725088334,33.43441886472174,-0.8373231657603935
25.2,10.0,9.898529627751714,594.8595060671108,584.9609764393591,33.36408956173119,-0.5721187296680628
25.3,10.0,9.920812482338079,598.215746580758,588.29493409842,33.318975981556555,-0.3375168783066873
25.4,10.0,9.939015989428526,601.5644870944052,591.6254711049767,33.29475413388777,-0.15780078463790528
25.5,10.0,9.951357523860224,604.9057276080525,594.9543700841923,33.285005086884226,-0.05024322809168274
25.6,10.0,9.95676903572462,608.2394681216998,598.2826990859752,33.28200328972865,-0.023517594328856774
25.7,10.0,9.954983002731865,611.5657086353469,601.6107256326151,33.27761468771393,-0.07711917681846639
25.8,10.0,9.946527845803871,614.8844491489942,604.9379213031904,33.26420031941164,-0.20180695281542457
25.9,10.0,9.932636637901169,618.1956896626414,608.2630530247402,33.235428115900305,-0.3809807569730884
26.0,10.0,9.915083020587986,621.4994301762887,611.5843471557007,33.18690855780838,-0.5928009346114668
26.1,10.0,9.895964736310361,624.7956706899358,614.8997059536255,33.11659065335213,-0.8127935095946951
26.2,10.0,9.877461313418053,628.084411203583,618.206949890165,33.02488652622633,-1.0166287355250276
26.3,10.0,9.861593031511461,631.3656517172304,621.504058685719,32.91452243594402,-1.182767036352903
26.4,10.0,9.850007389678808,634.6393922308775,624.7893848411987,32.79014381972787,-1.2946894066365366
26.5,10.0,9.843815120125896,637.9056327445248,628.0618176243989,32.657727723832366,-1.3424875013780537
26.6,10.0,9.843491980258136,641.1643732581721,631.3208812779139,32.52387437088058,-1.323661913694711
26.7,10.0,9.848853669625214,644.4156137718193,634.566760102194,32.39506165900347,-1.2430822566561686
26.8,10.0,9.859103853743818,647.6593542854665,637.8002504317227,32.27694418750754,-1.1121444968798082
26.9,10.0,9.872946713576653,650.8955947991137,641.0226480855371,32.17377115006414,-0.9472541172261211
27.0,10.0,9.88874955736469,654.1243353127609,644.2355857553962,32.087982813131006,-0.7678234909125887
27.1,10.0,9.904734978687088,657.3455758264083,647.4408408477212,32.02002103880456,-0.5940294314553414
27.2,10.0,9.91918071886596,660.5593163400554,650.6401356211894,31.96836552646794,-0.44458153081862284
27.3,10.0,9.93060511379781,663.7655568537026,653.8349517399048,31.929782356803823,-0.33474421111477176
27.4,10.0,9.937918556077761,666.9642973673498,657.026378811272,31.899749001681293,-0.2748170734102093
27.5,10.0,9.940525585165119,670.155537880997,660.2150122958319,31.873002273901612,-0.2692234789606648
27.6,10.0,9.938368954585371,673.3392783946443,663.400909440059,31.84414311909982,-0.3162761251164891
27.7,10.0,9.93191309797487,676.5155189082915,666.5836058103166,31.808230929807266,-0.4086195543726242
27.8,10.0,9.922071578141868,679.6842594219388,669.7621878437969,31.76130314291598,-0.5342703128555123
27.9,10.0,9.910088299243967,682.8454999355858,672.9354116363419,31.700765693542994,-0.6781212724614105
28.0,10.0,9.897388003291553,685.9992404492332,676.1018524459416,31.625617891194878,-0.8237198381139383
28.1,10.0,9.885413321021247,689.1454809628804,679.2600676418591,31.536494183329797,-0.9551182621605453
28.2,10.0,9.875466726222044,692.2842214765276,682.4087547503055,31.435526020424916,-1.0585911239680597
28.3,10.0,9.868574390015851,695.4154619901748,685.5468876001589,31.32604616383629,-1.1240385144873135
28.4,10.0,9.865386071864464,698.5392025038219,688.6738164319574,31.212174230237803,-1.1459327323425905
28.5,10.0,9.866120172774231,701.6554430174692,691.789322844695,31.098334569367267,-1.1237279616776177
28.6,10.0,9.870558179354703,704.7641835311164,694.8936253517617,30.988761074442714,-1.0617089663676755
28.7,10.0,9.878086828078949,707.8654240447635,697.9873372166845,30.887043409812147,-0.9683211099570227
28.8,10.0,9.88778182956628,710.9591645584109,701.0713827288446,30.795763012367953,-0.8550718328812746
28.9,10.0,9.898521714744675,714.0454050720579,704.1468833573132,30.71625434910484,-0.7351475023741785
29.0,10.0,9.909118416497904,717.1241455857052,707.2150271692072,30.648512126649965,-0.6219050729574733
29.1,10.0,9.918449616847397,720.1953860993523,710.2769364825049,30.591248324519285,-0.5274085463642971
29.2,10.0,9.925578382702383,723.2591266129996,713.3335482302972,30.54208688518092,-0.46116776136267534
29.3,10.0,9.929847420914143,726.3153671266468,716.3855197057327,30.497868996375804,-0.42921029768314406
29.4,10.0,9.930938928885894,729.3641076402939,719.433168711408,30.4550303479793,-0.43357130197607774
29.5,10.0,9.928894875761443,732.4053481539411,722.4764532781796,30.410006838386646,-0.47224053772754154
29.6,10.0,9.92409733601994,735.4390886675883,725.5149913315684,30.35962329651619,-0.5395513045844536
29.7,10.0,9.917212303106453,738.4653291812355,728.548116878129,30.30142316342492,-0.6269545319568745
29.8,10.0,9.909105142123849,741.4840696948827,731.5749645527588,30.233905865349012,-0.7240719360917574
29.9,10.0,9.90073783103071,744.4953102085299,734.5945723774992,30.156649999831583,-0.8199046652113002
30.0,10.0,9.893059999312982,747.4990507221771,737.6059907228641,30.07031383112278,-0.904058722480483
30.1,10.0,9.886905872696616,750.4952912358243,740.6083853631277,29.976517823927598,-0.9678530546672983
30.2,10.0,9.88290823923785,753.4840317494715,743.6011235102336,29.8776271210671,-1.0051930546256373
30.3,10.0,9.881437972526214,756.4652722631187,746.5838342905924,29.77646238204377,-1.0131257723813054
30.4,10.0,9.882574683186817,759.4390127767658,749.556438093579,29.67597303354028,-0.9920288943779068
30.5,10.0,9.886110246974795,762.4052532904132,752.5191430434384,29.57891018068234,-0.9454299133762855
30.6,10.0,9.891583789806191,765.3639938040602,755.472410014254,29.487535048517664,-0.8794869309936056
30.7,10.0,9.89834256086715,768.3152343177074,758.4168917568403,29.403393238962792,-0.8022067759529014
30.8,10.0,9.905621198253812,771.2589748313547,761.3533536331009,29.327176477573904,-0.7224940655405184
30.9,10.0,9.912629925073361,774.1952153450018,764.2825854199284,29.258683125189354,-0.6491424636712901
31.0,10.0,9.918641725183534,777.1239558586491,767.2053141334655,29.196877985590817,-0.589880250865167
31.1,10.0,9.923068927085069,780.0451963722962,770.1221274452112,29.140040525325215,-0.5505731355171338
31.2,10.0,9.925521383718888,782.9589368859434,773.0334155022246,29.08598128484998,-0.5346634275537442
31.3,10.0,9.9258406476157,785.8651773995906,775.9393367519749,29.032300388536687,-0.542897295949823
31.4,10.0,9.924107543310015,788.7639179132377,778.8398103699277,28.97665812344314,-0.573356369489012
31.5,10.0,9.920623131039974,791.655158426885,781.734535295845,28.917027532865912,-0.6217807819153847
31.6,10.0,9.915866624505611,794.5388989405322,784.6230323160266,28.851902105021352,-0.6821319828892507
31.7,10.0,9.910435621657598,797.4151394541794,787.5047038325218,28.780438012501484,-0.7473261885323154
31.8,10.0,9.90497595975512,800.2838799678267,790.3789040080716,28.702518249850705,-0.8100507985622548
31.9,10.0,9.900109229821282,803.1451204814738,793.2450112516525,28.618734602836113,-0.863571673420845
32.0,10.0,9.896366051842051,805.9988609951209,796.1024949432789,28.5302930829582,-0.9024426084258517
32.1,10.0,9.894132073287778,808.8451015087679,798.9509694354801,28.438856587370655,-0.9230446551747116
32.2,10.0,9.893612061726344,811.683842022415,801.7902299606886,28.34634430192263,-0.923903324716152
32.3,10.0,9.894815147793906,814.5150825360619,804.620267388268,28.254711631936097,-0.9057595719041667
32.4,10.0,9.897562190553344,817.3388230497089,807.4412608591556,28.165735406628805,-0.8713943092012444
32.5,10.0,9.901513223453435,820.1550635633561,810.2535503399026,28.080827792930773,-0.8252395184655322
32.6,10.0,9.906211312068763,822.9638040770031,813.0575927649344,28.000897757216794,-0.7728253385557907
32.7,10.0,9.91113729949575,825.7650445906502,815.8539072911544,27.926273099648263,-0.7201308591417098
32.8,10.0,9.915769069022645,828.5587851042969,818.6430160352743,27.85668933930144,-0.672912956666738
32.9,10.0,9.919638578431545,831.3450256179441,821.4253870395125,27.791343638346646,-0.6360882396423492
33.0,10.0,9.922380598012523,834.1237661315911,824.2013855335786,27.729005001495466,-0.6132325529380567
33.1,10.0,9.923768176475505,836.8950066452381,826.9712384687626,27.668166574578468,-0.6062478769999764
33.2,10.0,9.923731605420699,839.6587471588853,829.7350155534646,27.60722155947929,-0.6152249635612566
33.3,10.0,9.92235929920821,842.4149876725321,832.4926283733239,27.544642717279554,-0.6385108709194619
33.4,10.0,9.91988150824443,845.1637281861791,835.2438466779347,27.479145428682056,-0.6729624366661997
33.5,10.0,9.916639224085998,847.9049686998262,837.9883294757402,27.409817486825656,-0.7143519104784815
33.6,10.0,9.913042340760171,850.6387092134734,840.7256668727132,27.33620292580621,-0.7578735672644855
33.7,10.0,9.909522048738609,853.3649497271205,843.4554276783819,27.25833221627379,-0.7986920346929893
33.8,10.0,9.906483521794144,856.0836902407676,846.1772067189735,27.17669438912831,-0.8324622765259189
33.9,10.0,9.904262172057315,858.794930754415,848.8906685823576,27.09217540402558,-0.8557948925109509
34.0,10.0,9.903090538303218,861.498671268062,851.5955807297588,27.005937413112097,-0.866576360210727
34.1,10.0,9.903074266307726,864.1949117817093,854.2918375154015,26.919285779358965,-0.8641817631580593
34.2,10.0,9.904188526865823,866.8836522953563,856.9794637684905,26.83350911952438,-0.8494460765088672
34.3,10.0,9.906287638001004,869.5648928090033,859.6586051710023,26.749740798127885,-0.8244962355240482
34.4,10.0,9.909126684421153,872.2386333226503,862.3295066382292,26.668854572857754,-0.7924630341918446
34.5,10.0,9.912386598174407,874.9048738362974,864.992487238123,26.5913649676165,-0.7571561474261803
34.6,10.0,9.915717786292134,877.5636143499445,867.6478965636524,26.517405743873386,-0.7225642809406811
34.7,10.0,9.918777047013805,880.2148548635917,870.2960778165778,26.44671288796128,-0.6924327358191061
34.8,10.0,9.921265837227565,882.8585953772385,872.937329540011,26.37868121464592,-0.669857523593385
34.9,10.0,9.922960015432409,885.4948358908856,875.5718758754532,26.312431211908947,-0.6569797500247133
35.0,10.0,9.923732183293737,888.1235764045326,878.1998442212389,26.24693541976577,-0.6547888945015606
35.1,10.0,9.923560115385726,890.7448169181797,880.821256802794,26.181127250488284,-0.6630749479620947
35.2,10.0,9.922527811973623,893.3585574318267,883.4360296198531,26.11401362051049,-0.6804651443403351
35.3,10.0,9.92080757727149,895.9647979454737,886.0439903682022,26.044796181869938,-0.7046777590539851
35.4,10.0,9.918637714188435,898.5635384591209,888.6449007449324,25.972934704842377,-0.732800250851325
35.5,10.0,9.916296692532569,901.1547789727679,891.2384822802353,25.89819999432119,-0.7616025440991981
35.6,10.0,9.914070342484592,903.738519486415,893.8244491439305,25.82068669000661,-0.7879114379713256
35.7,10.0,9.912220320574761,906.314760000062,896.4025396794873,25.740781875398692,-0.8089516511451078
35.8,10.0,9.910954055354182,908.8835005137091,898.9725464583549,25.659132384417525,-0.8226696686529873
35.9,10.0,9.910407055827022,911.4447410273559,901.5343339715289,25.576532480735473,-0.8278842381286702
36.0,10.0,9.910632115163708,913.9984815410031,904.0878494258394,25.493849468234323,-0.8243756911091992
36.1,10.0,9.911595056740111,916.5447220546503,906.6331269979102,25.411924404356487,-0.8128909707987197
36.2,10.0,9.913181874941529,919.0834625682974,909.1702806933558,25.331485623811037,-0.7950260493506435
36.3,10.0,9.915214821390578,921.6147030819442,911.6994882605536,25.253063250402274,-0.773008192515249
36.4,10.0,9.917475467840518,924.1384435955913,914.2209681277508,25.176945285302093,-0.749417706441302
36.5,10.0,9.919729769019455,926.6546841092385,916.734954340219,25.103155424925564,-0.7268965477062427
36.6,10.0,9.921755332811358,929.1634246228855,919.2416692900741,25.03146054352142,-0.707844918615591
36.7,10.0,9.923362619947284,931.6646651365327,921.7413025165854,24.9614142392793,-0.6942016750450827
36.8,10.0,9.924418118094081,934.1584056501796,924.2339875320855,24.892404221503924,-0.6872041468960176
36.9,10.0,9.924851090202537,936.6446461638267,926.7197950736241,24.82373637775748,-0.6873485211713632
37.0,10.0,9.924662697775375,939.1233866774737,929.1987239796983,24.75470635755694,-0.6943181311923061
37.1,10.0,9.923921606740237,941.5946271911208,931.6707055843806,24.684678249692414,-0.707066720639755
37.2,10.0,9.92275573055008,944.058367704768,934.1356119742179,24.613152801638225,-0.7239407579253331
37.3,10.0,9.921331858346775,946.5146082184149,936.5932763600681,24.53981499638857,-0.7429290360217292
37.4,10.0,9.919837732422366,948.963348732062,939.0435109996396,24.46456200940288,-0.7618761028755702
37.5,10.0,9.9184609065627,951.4045892457092,941.4861283391465,24.387501559369305,-0.7787194912421688
37.6,10.0,9.917368822126832,953.8383297593562,943.9209609372293,24.308938792232507,-0.7917080257002682
37.7,10.0,9.916690272784649,956.2645702730033,946.3478800002187,24.229324648280965,-0.7995876959354975
37.8,10.0,9.916503616390514,958.6833107866502,948.7668071702597,24.14920805629962,-0.8017141634125325
37.9,10.0,9.916829179687511,961.0945513002973,951.1777221206098,24.069171299070007,-0.7981099745986738
38.0,10.0,9.91763204395727,963.4982918139443,953.580659769987,23.989756941798568,-0.7894012411411102
38.1,10.0,9.918823910281844,965.8945323275915,955.9757084173096,23.911424543884436,-0.7767792865590756
38.2,10.0,9.920280876420634,968.2832728412386,958.362991964818,23.834488314656408,-0.7617729881012347
38.3,10.0,9.921855050759973,970.6645133548855,960.7426583041255,23.759099379147933,-0.7461095939194793
38.4,10.0,9.923391111916999,973.0382538685327,963.1148627566157,23.685237319461134,-0.7315276939252413
38.5,10.0,9.92474428229309,975.4044943821797,965.4797500998866,23.61271209305923,-0.7195737059411397
38.6,10.0,9.925795480164652,977.7632348958269,967.8374394156623,23.541199967725337,-0.7114450360644793
38.7,10.0,9.926464095859842,980.1144754094738,970.188011313614,23.470276398412835,-0.707867648018986
38.8,10.0,9.92671578526108,982.4582159231207,972.5315001378597,23.39947102969077,-0.709025059205776
38.9,10.0,9.926562168096666,984.794456436768,974.8678942686713,23.328323402761967,-0.714583937969684
39.0,10.0,9.926057276096913,987.123196950415,977.1971396743181,23.25642946862579,-0.7237680307801404
39.1,10.0,9.925291908011332,989.4444374640623,979.519145556051,23.183484109631483,-0.7354239058562906
39.2,10.0,9.924381578073735,991.7581779777092,981.8337963996355,23.109306082372708,-0.7481681098070491
39.3,10.0,9.923453114006634,994.0644184913562,984.1409653773495,23.033857399475856,-0.7605695353799035
39.4,10.0,9.92262971492437,996.3631590050032,986.4405292900789,22.957241674451183,-0.7712821198010987
39.5,10.0,9.92201767107042,998.6543995186504,988.73238184758,22.879686760938444,-0.77919766614445
39.6,10.0,9.92169531627394,1000.9381400322974,991.0164447160234,22.8015126429887,-0.7835928463787886
39.7,10.0,9.921706082831406,1003.2143805459444,993.292674463113,22.723092715983793,-0.7841375526708602
39.8,10.0,9.922055152517942,1005.4831210595916,995.5610659070736,22.6448101115657,-0.7809125074375587
39.9,10.0,9.922710660235111,1007.7443615732385,997.8216509130034,22.567017836540526,-0.7744573642822719
40.0,10.0,9.92360799638709,1009.9981021077995,1000.0744941114124,22.48999830384611,-0.7656155275887859
40.1,10.0,9.930814857784299,1012.2506155593354,1002.3198007015511,22.418610304109436,-0.6369295141447677
40.2,10.0,9.949263058994234,1014.5081176499807,1004.5588545909865,22.36667141857712,-0.3845426534914153
40.3,10.0,9.976487933875887,1016.7706197403983,1006.7941318065224,22.344583467485286,-0.04633047191017701
40.4,10.0,10.009136438769474,1019.0381218308415,1009.0289853920721,22.35892524486448,0.33717024598558387
40.5,10.0,10.043412171155865,1021.310623921285,1011.2672117501291,22.412068617134345,0.722247813760001
40.6,10.0,10.075496779255332,1023.5881260117143,1013.512629232459,22.502022273615854,1.0668232984201156
40.7,10.0,10.101979347797396,1025.8706281021427,1015.7686487543453,22.62288605546021,1.335083187013412
40.8,10.0,10.120194093486703,1028.1581301925676,1018.0379360990809,22.765618137408527,1.5009464646130175
40.9,10.0,10.128496448728356,1030.450632282989,1020.3221358342607,22.91918382181734,1.5506744945290212
41.0,10.0,10.126390615996456,1032.7481343734114,1022.621743757415,23.07183965629606,1.4837522733347992
41.1,10.0,10.11453574301504,1035.0506364638366,1024.9361007208215,23.212438076047725,1.31239595884178
41.2,10.0,10.094624754666256,1037.3581385542648,1027.2635137995985,23.331612689562004,1.0596789103839641
41.3,10.0,10.06915748142751,1039.6706406446908,1029.6014831632633,23.422707843343137,0.7565802778988456
41.4,10.0,10.041137579182987,1041.988142735114,1031.947005155931,23.48242004788585,0.4382987610682125
41.5,10.0,10.013717292340061,1044.3106448255373,1034.2969275331973,23.511028749750487,0.14016175533702974
41.6,10.0,9.9898519582689,1046.638146915962,1036.648294957693,23.512177869138007,-0.10616916089040476
41.7,10.0,9.971986117789129,1048.9706490063863,1038.9986628885972,23.49235069383749,-0.27599996483032185
41.8,10.0,9.961803380306947,1051.308151096811,1041.346347716504,23.46004808660822,-0.35406230270938455
41.9,10.0,9.960080548860105,1053.6506531872353,1043.6905726383752,23.424760364129988,-0.33571136890877096
42.0,10.0,9.966640696466357,1055.9981552776594,1046.031514581193,23.39590535510176,-0.22699582084006836
42.1,10.0,9.980409109643006,1058.350657368084,1048.370248258441,23.38184001703885,-0.04360194741888546
42.2,10.0,9.999572061169374,1060.7081594585084,1050.708587397339,23.388894862477176,0.19134808153508345
42.3,10.0,10.021799709548304,1063.0706615489332,1053.048861839385,23.420897241008262,0.4500062916890862
42.4,10.0,10.044531200716165,1065.438163639358,1055.3936324386418,23.478726220935222,0.7031976490410751
42.5,10.0,10.065257535673936,1067.8106657297824,1057.7454081941084,23.560447074373847,0.923541117549258
42.6,10.0,10.081795785399436,1070.1881678202071,1060.1063720348077,23.66158326580591,1.0884188481872308
42.7,10.0,10.092509715806727,1072.5706699106318,1062.478160194825,23.77574749382987,1.1821849121576065
42.8,10.0,10.096468394330714,1074.9581720010563,1064.8617036067255,23.895392356048234,1.1976241737672806
42.9,10.0,10.093513971674383,1077.3506740914809,1067.2571601198065,24.01270239579787,1.1363333742228583
43.0,10.0,10.0842550981165,1079.7481761819056,1069.663921083789,24.12041798092308,1.0082833018426816
43.1,10.0,10.069953520421222,1082.1506782723304,1072.0807247519092,24.21267534647001,0.8301858506408579
43.2,10.0,10.052372643581748,1084.558180362755,1074.5058077191732,24.28550699856029,0.6235767664859093
43.3,10.0,10.033562319939847,1086.9706824531795,1076.9371201332397,24.337234746848637,0.4122385406938021
43.4,10.0,10.015612545513932,1089.3881845436042,1079.3725719980903,24.368569892500563,0.21937432099697554
43.5,10.0,10.000436243512013,1091.810686634029,1081.810250390517,24.38240239883614,0.06523586884333801
43.6,10.0,9.989563159858562,1094.2381887244537,1084.2486255645952,24.38341515119761,-0.03499452130908472
43.7,10.0,9.983988375995523,1096.6706908148783,1086.6867024388828,24.37749360946044,-0.07265953257474413
43.8,10.0,9.984086726221449,1099.108192905303,1089.1241061790815,24.37102544820819,-0.04630066221539201
43.9,10.0,9.989599151797393,1101.5506949957273,1091.56109584393,24.37018849952399,0.03850901601763709
44.0,10.0,9.999685059258354,1103.998197086152,1093.9985120268936,24.380304139011788,0.17002483726354942
44.1,10.0,10.013045680697132,1106.4506991765768,1096.4376534958797,24.405226808155916,0.3319874776785752
44.2,10.0,10.028078712304932,1108.9082012670017,1098.8801225546968,24.447078685523927,0.5054451238541321
44.3,10.0,10.04306365962725,1111.370703357426,1101.3276396977988,24.506045791675813,0.6709803006504862
44.4,10.0,10.05636021498026,1113.8382054478507,1103.7818452328704,24.5804202624995,0.8108885736385438
44.5,10.0,10.066580779485093,1116.3107075382752,1106.2441267587901,24.666895962988622,0.9109906206751557
44.6,10.0,10.072732084128575,1118.7882096286999,1108.7154775445713,24.76098514105832,0.9620483726052148
44.7,10.0,10.074305949829522,1121.2707117191246,1111.196405769295,24.85755673974143,0.9605606375090988
44.8,10.0,10.071315628270895,1123.7582138095488,1113.686898181278,24.951423559550207,0.9089126480457071
44.9,10.0,10.064271776145688,1126.2507158999733,1116.1864441238276,25.037920224849817,0.8148578572623706
45.0,10.0,10.054104861430915,1128.7482179903982,1118.6941131289673,25.113378766252065,0.6904406802750668
45.1,10.0,10.042046658059462,1131.2507200808225,1121.208673422763,25.17548860567608,0.5505085321282515
45.2,10.0,10.029483238856528,1133.7582221712473,1123.7287389323908,25.223491511458178,0.4109744296516653
45.3,10.0,10.017797744695827,1136.270724261672,1126.2529265169762,25.258196221312154,0.2870431428688354
45.4,10.0,10.008219803278962,1138.7882263520967,1128.7800065488177,25.28183444637223,0.1915793653406586
45.5,10.0,10.001696100817753,1141.3107284425214,1131.3090323417036,25.29775497559695,0.13378459701373463
45.6,10.0,9.998799955683126,1143.838230532946,1133.8394305772629,25.30999910927668,0.11836344323933867
45.7,10.0,9.999683491966607,1146.370732623371,1136.3710491314043,25.322837408359142,0.14518524811648445
45.8,10.0,10.004084671174041,1148.9082347137958,1138.9041500426217,25.340295210683387,0.20956803216696315
45.9,10.0,10.011366157998054,1151.4507368042207,1141.4393706462226,25.365726366418816,0.3028991172216814
46.0,10.0,10.020602775235602,1153.9982388946457,1143.9776361194101,25.401473156134887,0.4137652092893232
46.1,10.0,10.030695893616212,1156.550740985071,1146.5200450914547,25.448651622788642,0.5293312858469021
46.2,10.0,10.040500823570483,1159.1082430754957,1149.0677422519252,25.507085077473967,0.6368015718416311
46.3,10.0,10.04895260779449,1161.6707451659202,1151.6217925581257,25.575376108782244,0.7248033377988656
46.4,10.0,10.055178591136837,1164.2382472563454,1154.1830686652086,25.65111391235823,0.7845629892282475
46.5,10.0,10.05858612944894,1166.8107493467703,1156.7521632173214,25.731175891983458,0.8107627008800761
46.6,10.0,10.058914646315998,1169.388251437195,1159.329336790879,25.812100968365435,0.8019646213075582
46.7,10.0,10.056250910273775,1171.9707535276202,1161.9145026173464,25.890480315541463,0.7606142002923396
46.8,10.0,10.051003752929773,1174.558255618045,1164.5072518651152,25.963327250945266,0.6925967159373941
46.9,10.0,10.043846700786162,1177.1507577084699,1167.1069110076837,26.028385076684227,0.6064587739263574
47.0,10.0,10.035632901383906,1179.7482597988947,1169.7126268975107,26.084341476840727,0.512360075386841
47.1,10.0,10.027294628749132,1182.3507618893198,1172.3234672605706,26.130932283610836,0.42089764983635003
47.2,10.0,10.01973825645905,1184.9582639797447,1174.9385257232857,26.168926051481346,0.34193221518102046
47.3,10.0,10.013746556227261,1187.5707660701696,1177.5570195139424,26.199995406644604,0.28354478458590904
47.4,10.0,10.009898452107791,1190.1882681605944,1180.1783697084866,26.226497935641007,0.25122827764716815
47.5,10.0,10.008514881425981,1192.8107702510192,1182.8022553695932,26.251188525692474,0.24740416898743775
47.6,10.0,10.009634137314833,1195.4382723414442,1185.4286382041294,26.276903424867808,0.27127935431057676
47.7,10.0,10.01302045070247,1198.070774431869,1188.0577539811666,26.306246955684713,0.31908022027342503
47.8,10.0,10.018200449092546,1200.708276522294,1190.6900760732015,26.341317045381963,0.38457873962111855
47.9,10.0,10.024525645772883,1203.350778612719,1193.3262529669462,26.383499263541278,0.4598852447683758
48.0,10.0,10.031249911995701,1205.9982807031438,1195.967030791148,26.433343839445367,0.5363729624052691
48.1,10.0,10.037615375976202,1208.6507827935686,1198.6131674175924,26.49054336371326,0.6056511372233153
48.2,10.0,10.042935402779904,1211.3082848839936,1201.2653494812137,26.55400069547367,0.6604733276624516
48.3,10.0,10.04666643386031,1213.9707869744184,1203.924120540558,26.621983270288105,0.6954728284628168
48.4,10.0,10.048461214151303,1216.6382890648433,1206.589827850692,26.69233848524361,0.7076743019263113
48.5,10.0,10.048198414690432,1219.3107911552684,1209.262592740578,26.76274610894853,0.6967137865142018
48.6,10.0,10.045986054178911,1221.988293245693,1211.9423071915141,26.830978616315377,0.6647655487826617
48.7,10.0,10.042140387096424,1224.6707953361183,1214.628654949022,26.89514009263338,0.616206036076348
48.8,10.0,10.037142129271842,1227.358297426543,1217.3211552972712,26.953858476183182,0.5570288888062792
48.9,10.0,10.03157754036647,1230.0507995169678,1220.0192219766013,27.00641398626887,0.4941412030876877
49.0,10.0,10.026069664324268,1232.748301607393,1222.7222319430687,27.052788372129783,0.4345532260180456
49.1,10.0,10.021209028026078,1235.450803697818,1225.4295946697919,27.09363918360241,0.3846236690386586
49.2,10.0,10.01749066249613,1238.1583057882428,1228.1408151257467,27.130197259809005,0.34938915669276127
49.3,10.0,10.015263941313151,1240.8708078786674,1230.8555439373542,27.164110300360125,0.33206314695916334
49.4,10.0,10.01470100073334,1243.5883099690923,1233.573608968359,27.197243913265382,0.3337846534991754
49.5,10.0,10.015785153886782,1246.3108120595173,1236.2950269056305,27.23147001101076,0.35354846007405466
49.6,10.0,10.018320926406659,1249.0383141499424,1239.0199932235357,27.268461854662217,0.38844487324806515
49.7,10.0,10.021962888130247,1251.7708162403671,1241.748853352237,27.30952042966067,0.4340217090081512
49.8,10.0,10.026259593495752,1254.508318330792,1244.4820587372963,27.35544795485294,0.48485674286749575
49.9,10.0,10.030707438073932,1257.2508204212172,1247.2201129831433,27.406482080483872,0.5351930691317267
50.0,10.0,10.034807653705684,1259.998322511642,1249.9635148579364,27.46229327771516,0.5795464156710618
50.1,10.0,10.038120517047673,1262.7508246020668,1252.7127040850191,27.522045410981015,0.6133576283535854
50.2,10.0,10.040310902304782,1265.508326692492,1255.468015790187,27.584507883103484,0.6333620479944106
50.3,10.0,10.041180121476373,1268.2708287829164,1258.22964866144,27.648206839148955,0.637983265623201
50.4,10.0,10.040682208703402,1271.0383308733415,1260.997648664638,27.711596005179967,0.6273621142522222
50.5,10.0,10.038921971590526,1273.8108329637666,1263.7719109921761,27.773228494853214,0.6032913156512959
50.6,10.0,10.036137669716481,1276.5883350541915,1266.552197384475,27.831910029080394,0.5689985818227128
50.7,10.0,10.032668984303882,1279.3708371446162,1269.3381681603123,27.88681924742821,0.5286030817052085
50.8,10.0,10.028915911381546,1282.158339235041,1272.1294233236595,27.937580014464405,0.48683154060433287
50.9,10.0,10.025292515173305,1284.950841325466,1274.9255488102926,27.98428555494188,0.44823768558294846
51.0,10.0,10.022181185385762,1287.7483434158908,1277.726162230505,28.02746629061285,0.41692951228679986
51.1,10.0,10.019892281279226,1290.5508455063161,1280.530953225037,28.06801495904968,0.39602022266631187
51.2,10.0,10.018633426715496,1293.358347596741,1283.3397141700254,28.107073883614138,0.38728563085001483
51.3,10.0,10.018491030437417,1296.1708496871656,1286.1523586567282,28.145897823424853,0.3912803937432433
51.4,10.0,10.019426313456961,1298.9883517775907,1288.9689254641337,28.18571662463599,0.4068734020731689
51.5,10.0,10.021284449396262,1301.8108538680156,1291.7895694186193,28.227596266826772,0.4320346704901262
51.6,10.0,10.02381677993094,1304.6383559584406,1294.6145391785096,28.272335994101912,0.46349342231333374
51.7,10.0,10.0267115349518,1307.4708580488657,1297.444146513914,28.320387277872324,0.4975879382951514
51.8,10.0,10.029630782265258,1310.3083601392902,1300.278729357025,28.37182081585895,0.5305450064225817
51.9,10.0,10.032248779655447,1313.1508622297147,1303.1186134500592,28.426337661399273,0.5587341386346825
52.0,10.0,10.034286278950958,1315.9983643201392,1305.9640780411883,28.48331789312289,0.5793594359612428
52.1,10.0,10.035538045436397,1318.850866410564,1308.8153283651277,28.541898396141775,0.5904392772672111
52.2,10.0,10.035892812754128,1321.7083685009889,1311.6724756882347,28.601073260810125,0.5911889691868872
52.3,10.0,10.035342749031543,1324.570870591413,1314.5355278423815,28.659811052675266,0.5819378791830296
52.4,10.0,10.033980051337494,1327.4383726818378,1317.4043926305003,28.717176744297966,0.5641509584496273
52.5,10.0,10.031981410656954,1330.3108747722627,1320.2788933616057,28.77242896530643,0.5401070088506911
52.6,10.0,10.029584715072133,1333.1883768626872,1323.158792147615,28.825084679317378,0.5127218967569609
52.7,10.0,10.027061258113463,1336.070878953112,1326.0438176949986,28.874963013481164,0.4850929467112497
52.8,10.0,10.024684974005595,1338.9583810435367,1328.9336960695312,28.922194312317313,0.4602640260257641
52.9,10.0,10.022701696560489,1341.8508831339614,1331.8281814374009,28.967193130312705,0.4408351390650712
53.0,10.0,10.021304070210817,1344.748385224386,1334.7270811541753,29.010597815679112,0.42864049250405317
53.1,10.0,10.020612817695337,1347.650887314811,1337.6302744971156,29.05319174759473,0.4247674339904316
53.2,10.0,10.0206678914235,1350.5583894052354,1340.537721513812,29.09581906436533,0.429245496166158
53.3,10.0,10.021425376980233,1353.47089149566,1343.4494661186798,29.139282917880283,0.4412797734983116
53.4,10.0,10.022765557877165,1356.3883935860847,1346.3656280282075,29.184264252560965,0.45919573436211336
53.5,10.0,10.024510442774044,1359.3108956765095,1349.2863852337355,29.231245098843093,0.48081003012936036
53.6,10.0,10.026446053205973,1362.2383977669342,1352.2119517137282,29.28046732999592,0.5035874578640954
53.7,10.0,10.028346716614124,1365.1708998573588,1355.1425531407447,29.33191975015164,0.5250138588689675
53.8,10.0,10.030000038305843,1368.1084019477832,1358.0784019094774,29.38535015011994,0.5428082372354247
53.9,10.0,10.031230355340085,1371.050904038208,1361.019673682868,29.440301452789544,0.5551694594611843
54.0,10.0,10.031914243087385,1373.9984061286325,1363.966491885545,29.496170411235603,0.561012204177452
54.1,10.0,10.031993264615267,1376.9509082190573,1366.918914954442,29.55227902930106,0.5599275115659463
54.2,10.0,10.031477457029723,1379.908410309482,1369.8769328524522,29.6079485357533,0.5523586230911083
54.3,10.0,10.030441789638417,1382.8709123999065,1372.840470610268,29.66257779082784,0.5393765049776073
54.4,10.0,10.029015407627867,1385.8384144903312,1375.8093990827033,29.715703578643954,0.5226586976470388
54.5,10.0,10.027364312217287,1388.8109165807562,1378.7835522685389,29.767049729904723,0.5041685127272423
54.6,10.0,10.025671430581951,1391.7884186711808,1381.7627472405989,29.816546593621368,0.4860164912594618
54.7,10.0,10.024116525066574,1394.7709207616053,1384.7468042365388,29.864327429833263,0.47014802688869883
54.8,10.0,10.022857084358066,1397.7584228520298,1387.7355657676717,29.910706053031713,0.4582011465668077
54.9,10.0,10.022011636038997,1400.7509249424545,1390.7289133064155,29.956136488094348,0.4513387464083709
55.0,10.0,10.021648308319982,1403.7484270328791,1393.7267787245592,30.001157953664205,0.4500178191663823
55.1,10.0,10.02177983223055,1406.7509291233039,1396.7291492910733,30.046328473847723,0.45428946789816843
55.2,10.0,10.022365051497218,1409.7584312137285,1399.7360661622313,30.092169858616632,0.4632678696359338
55.3,10.0,10.023314688800838,1412.770933304153,1402.7476186153522,30.139103942736465,0.47594131055595257
55.4,10.0,10.024503666167675,1415.7884353945776,1405.76393172841,30.187421773386774,0.490667601274831
55.5,10.0,10.025785916782525,1418.8109374850023,1408.7851515682198,30.237248953488226,0.505806542223864
55.6,10.0,10.027011275589757,1421.838439575427,1411.8114282998372,30.288535788080356,0.5196751790396428
55.7,10.0,10.02804370984677,1424.8709416658517,1414.842897956005,30.341078919884456,0.530822176559717
55.8,10.0,10.028772976109622,1427.908443756276,1417.8796707801664,30.39455521668282,0.5381622241899787
55.9,10.0,10.029124245785397,1430.9509458467005,1420.921821600915,30.44855032363184,0.5410224048011244
56.0,10.0,10.029067610327274,1433.9984479371253,1423.969380326798,30.50260523882055,0.5392696338727676
56.1,10.0,10.028620606257846,1437.05095002755,1427.0223294212922,30.556269112631615,0.5332925257993075
56.2,10.0,10.027843043110806,1440.1084521179748,1430.080609074864,30.609156524614097,0.5239329307995463
56.3,10.0,10.026827769441297,1443.1709542083993,1433.144126438958,30.66098521353587,0.5123544774866998
56.4,10.0,10.025689926925907,1446.2384562988238,1436.212766371898,30.71160002300792,0.4999206965601964
56.5,10.0,10.02455282803885,1449.3109583892485,1439.2864055612097,30.760986242394114,0.4880224175932002
56.6,10.0,10.023534122466117,1452.388460479673,1442.364926357207,30.809263646043583,0.4779333575823326
56.7,10.0,10.022733716119319,1455.470962570098,1445.4482288539787,30.85666661760489,0.47067373239615873
56.8,10.0,10.022223674520774,1458.5584646605223,1448.5362409860015,30.903514725054162,0.466916599176495
56.9,10.0,10.022041441663305,1461.650966750947,1451.6289253092837,30.950175287144376,0.46692680831560845
57.0,10.0,10.022186988263684,1464.7484688413717,1454.726281853108,30.997020493731668,0.47053652435024823
57.1,10.0,10.022624534431543,1467.8509709317964,1457.8283463973648,31.04438613087847,0.4772121087223248
57.2,10.0,10.02328801486965,1470.9584730222211,1460.9351850073515,31.09253676571356,0.48607297169037944
57.3,10.0,10.024089688510458,1474.0709751126458,1464.0468854241353,31.14164002947724,0.4960951389275621
57.4,10.0,10.024930458342169,1477.1884772030703,1467.1635467447281,31.191754430825338,0.5060908521165817
57.5,10.0,10.025710827000694,1480.310979293495,1470.2852684664942,31.24282604073879,0.5150161565439095
57.6,10.0,10.026342922212507,1483.43848138392,1473.4121384617074,31.294695208287678,0.5219215226268761
57.7,10.0,10.026758115966004,1486.5709834743445,1476.5442253583785,31.347124805619615,0.5261395740666042
57.8,10.0,10.026914109669178,1489.7084855647693,1479.6815714551,31.39982700489991,0.5273278740112215
57.9,10.0,10.026798684517189,1492.8509876551939,1482.8241889706767,31.45249430466202,0.5254784484564967
58.0,10.0,10.026430223017769,1495.9984897456188,1485.972059522601,31.504836356353998,0.5209181632187484
58.1,10.0,10.025854052406885,1499.1509918360437,1489.1251377836368,31.55661121551751,0.5142673096993918
58.2,10.0,10.025136298091184,1502.3084939264686,1492.2833576283774,31.60764873977152,0.5063400193980507
58.3,10.0,10.024355567906923,1505.470996016893,1495.446640448986,31.657867045839,0.49805708246929875
58.4,10.0,10.023593994247221,1508.638498107318,1498.6149041130707,31.707277402569204,0.4903361921897344
58.5,10.0,10.022928047025289,1511.8110001977427,1501.7880721507174,31.755978779651233,0.48399489603551293
58.6,10.0,10.022420569069254,1514.9885022881674,1504.9660817190982,31.804142533739565,0.4796659160677268
58.7,10.0,10.022114512427379,1518.1710043785924,1508.148889866165,31.85199133924293,0.4777359554576942
58.8,10.0,10.022029049426237,1521.3585064690171,1511.336477419591,31.89977300041147,0.47831374689527445
58.9,10.0,10.02215853480834,1524.5510085594417,1514.5288500246334,31.947732147328733,0.4812301672933244
59.0,10.0,10.022474073660305,1527.7485106498666,1517.7260365762063,31.996083615563283,0.4860675219525788
59.1,10.0,10.022927761308665,1530.9510127402914,1520.9280849789827,32.044990264904186,0.49221684425365153
59.2,10.0,10.023458687359152,1534.1585148307163,1524.1350561433571,32.09454754997141,0.49895198810141655
59.3,10.0,10.024000123515634,1537.3710169211408,1527.3470167976252,32.14477594212432,0.5055137640219332
59.4,10.0,10.024487043161798,1540.5885190115653,1530.5640319684035,32.19562193900191,0.5111940708057147
59.5,10.0,10.024863130867288,1543.8110211019903,1533.786157971123,32.246966900766246,0.5154108768461838
59.6,10.0,10.025086575056548,1547.0385231924151,1537.0134366173586,32.29864277996794,0.5177665805723322
59.7,10.0,10.02513400256612,1550.27102528284,1540.2458912802738,32.350452627640514,0.5180834003214312
59.8,10.0,10.025002242769006,1553.5085273732645,1543.4835251304955,32.402193260828106,0.5164134190176176
59.9,10.0,10.02470780485919,1556.7510294636893,1546.72632165883,32.45367767324706,0.5130230335322385
60.0,10.0,10.024284261764706,1559.9985317037963,1549.9742474420316,32.50475476767311,0.5083548367011896
60.0,10.0,10.024284261764706,1559.9985317037963,1549.9742474420316,32.50475476767311,0.5083548367011896
