time,const.y,plant_block1.T_out,plant_block1.level_out,pid_controller1.limiter.y,bang_bang_controller1.y
0.0,323.15,290.1722491934573,1.5,500.0,1450.0
60.0,323.15,290.7433938638798,1.5137892994483206,500.0,1450.0
120.0,323.15,291.3016516122378,1.5275818188088504,500.0,1450.0
180.0,323.15,291.847737202342,1.5413772162039892,500.0,1450.0
240.0,323.15,292.38201926284086,1.5551752546227808,500.0,1450.0
300.0,323.15,292.9048540889427,1.5689757104824311,500.0,1450.0
360.0,323.15,293.4165823281608,1.5827783750088367,500.0,1450.0
420.0,323.15,293.91753288774925,1.596583050956585,500.0,1450.0
480.0,323.15,294.4080222125137,1.6103895528537595,500.0,1450.0
540.0,323.15,294.88835506817685,1.6241977058737518,500.0,1450.0
600.0,323.15,295.3588246677817,1.638007345599998,500.0,1450.0
660.0,323.15,295.81971204681946,1.6518183185091369,500.0,1450.0
720.0,323.15,296.27128822039725,1.6656304791766685,500.0,1450.0
780.0,323.15,296.7138135283312,1.679443691387922,500.0,1450.0
840.0,323.15,297.1475407444911,1.69325782423741,500.0,1450.0
900.0,323.15,297.57271375558884,1.7070727538975343,500.0,1450.0
960.0,323.15,297.989568457835,1.720888362468646,500.0,1450.0
1020.0,323.15,298.3983326956059,1.7347045380801358,500.0,1450.0
1080.0,323.15,298.7992259144076,1.7485211752172822,500.0,1450.0
1140.0,323.15,299.192459638671,1.7623381741078357,500.0,1450.0
1200.0,323.15,299.57823717577963,1.776155441181187,500.0,1450.0
1260.0,323.15,299.956754455605,1.7899728881013246,500.0,1450.0
1320.0,323.15,300.3282059245175,1.8037904256056299,500.0,1450.0
1380.0,323.15,300.69277258544315,1.8176079760312027,500.0,1450.0
1440.0,323.15,301.05063016980574,1.8314254647500778,500.0,1450.0
1500.0,323.15,301.40195392603067,1.8452428153028766,500.0,1450.0
1560.0,323.15,301.74690822584427,1.8590599600490707,500.0,1450.0
1620.0,323.15,302.08565031838833,1.87287683631648,500.0,1450.0
1680.0,323.15,302.4183415547396,1.8866933754952857,500.0,1450.0
1740.0,323.15,302.7451318544218,1.9005095180564855,500.0,1450.0
1800.0,323.15,303.0661645071387,1.9143252089230702,500.0,1450.0
1860.0,323.15,303.38158366688873,1.9281403909012271,500.0,1450.0
1920.0,323.15,303.6915255538525,1.9419550122011393,500.0,1450.0
1980.0,323.15,303.99612077513683,1.9557690244931962,500.0,1450.0
2040.0,323.15,304.2955005995421,1.9695823778036177,500.0,1450.0
2100.0,323.15,304.5897891082041,1.98339502686867,500.0,1450.0
2160.0,323.15,304.8791053206642,1.9972069294175534,500.0,1450.0
2220.0,323.15,305.16356856153817,2.0110180420609827,500.0,1450.0
2280.0,323.15,305.44329197430073,2.0248283252082135,500.0,1450.0
2340.0,323.15,305.718384199837,2.0386377418026917,500.0,1450.0
2400.0,323.15,305.98895413228234,2.0524462538352557,500.0,1450.0
2460.0,323.15,306.25510516013543,2.066253826544488,500.0,1450.0
2520.0,323.15,306.5169366232273,2.0800604273567553,500.0,1450.0
2580.0,323.15,306.77454719854194,2.093866023502534,500.0,1450.0
2640.0,323.15,307.02803171226293,2.107670584244077,500.0,1450.0
2700.0,323.15,307.27748180149234,2.1214740804158505,500.0,1450.0
2760.0,323.15,307.5229874706902,2.135276483429041,500.0,1450.0
2820.0,323.15,307.76463605743714,2.1490777658926743,500.0,1450.0
2880.0,323.15,308.00251253840776,2.162877901423583,500.0,1450.0
2940.0,323.15,308.2366986303609,2.176676865334409,500.0,1450.0
3000.0,323.15,308.467274264173,2.190474633564638,500.0,1450.0
3060.0,323.15,308.6943174053012,2.2042711828175117,500.0,1450.0
3120.0,323.15,308.9179037440678,2.218066490860205,500.0,1450.0
3180.0,323.15,309.13810693412194,2.23186053628194,500.0,1450.0
3240.0,323.15,309.3549986779954,2.2456532984564115,500.0,1450.0
3300.0,323.15,309.5686482923824,2.259444757865705,500.0,1450.0
3360.0,323.15,309.779123368536,2.2732348956510724,500.0,1450.0
3420.0,323.15,309.9864897385375,2.2870236936428774,500.0,1450.0
3480.0,323.15,310.1908115913308,2.300811134307467,500.0,1450.0
3540.0,323.15,310.392151357409,2.3145972008141373,500.0,1450.0
3600.0,323.15,310.5905662587506,2.328386344852546,500.0,1450.0
3660.0,323.15,310.78604236531925,2.342679029422372,500.0,1450.0
3720.0,323.15,310.9787347758144,2.356970666109204,500.0,1450.0
3780.0,323.15,311.168644185235,2.3712612193215223,500.0,1450.0
3840.0,323.15,311.35582315433186,2.3855506755500975,500.0,1450.0
3900.0,323.15,311.5403237058642,2.3998390219496435,500.0,1450.0
3900.676012027804,323.15,311.54238738474606,2.4000000004800066,500.0,1450.0
3900.676012027804,323.15,311.54238738474606,2.4000000004800066,500.0,1450.0
3960.0,323.15,311.72220048692105,2.414126245168102,500.0,1450.0
4020.0,323.15,311.9015110163752,2.4284123314208217,500.0,1450.0
4080.0,323.15,312.0783025439842,2.4426972695030424,500.0,1450.0
4140.0,323.15,312.25262288081336,2.4569810482032053,500.0,1450.0
4200.0,323.15,312.4245198953999,2.4712636563942763,500.0,1450.0
4260.0,323.15,312.594042825092,2.4855450827346117,500.0,1450.0
4320.0,323.15,312.7612383440215,2.4998253166918514,500.0,1450.0
4380.0,323.15,312.92615022394506,2.514104348563167,500.0,1450.0
4440.0,323.15,313.0888233389499,2.5283821683180427,500.0,1450.0
4500.0,323.15,313.2493011687869,2.5426587663234357,500.0,1450.0
4560.0,323.15,313.4076265364533,2.556934133180519,500.0,1450.0
4620.0,323.15,313.56383729447003,2.57120826100996,500.0,1450.0
4680.0,323.15,313.7179754517775,2.585481140659487,500.0,1450.0
4740.0,323.15,313.87007774356783,2.5997527646170364,500.0,1450.0
4800.0,323.15,314.02018396268016,2.614023124411804,500.0,1450.0
4860.0,323.15,314.16832889343385,2.6282922131182307,500.0,1450.0
4920.0,323.15,314.314550578451,2.6425600228059474,500.0,1450.0
4980.0,323.15,314.45888210400295,2.6568265470455232,500.0,1450.0
5040.0,323.15,314.60135994639455,2.6710917783828614,500.0,1450.0
5100.0,323.15,314.7420162598614,2.6853557106353514,500.0,1450.0
5160.0,323.15,314.8808845459951,2.6996183372272493,500.0,1450.0
5220.0,323.15,315.0179969975746,2.713879651965059,500.0,1450.0
5280.0,323.15,315.1533850210605,2.7281396488840826,500.0,1450.0
5340.0,323.15,315.2870783333705,2.7423983224861974,500.0,1450.0
5400.0,323.15,315.41910683097643,2.756655667247782,500.0,1450.0
5460.0,323.15,315.54949925267096,2.7709116779717546,500.0,1450.0
5520.0,323.15,315.6782840022783,2.7851663495276804,500.0,1450.0
5580.0,323.15,315.80548955107264,2.7994196767103054,500.0,1450.0
5640.0,323.15,315.93114224207903,2.813671655011405,500.0,1450.0
5700.0,323.15,316.05526821252164,2.827922279943971,500.0,1450.0
5760.0,323.15,316.17789431298587,2.842171546723489,500.0,1450.0
5792.966048218256,323.15,316.24464026574395,2.850000000570015,500.0,1450.0
5792.966048218256,323.15,316.24464026574395,2.850000000570015,500.0,0.0
5792.96610412227,323.15,316.2446405220907,2.8499999994299987,500.0,0.0
5792.96610412227,323.15,316.2446405220907,2.8499999994299987,500.0,0.0
5820.0,323.15,316.3698765853366,2.8493180889270393,500.0,0.0
5880.0,323.15,316.64766184925855,2.8478055463194676,500.0,0.0
5940.0,323.15,316.9252067098068,2.8462943015433373,500.0,0.0
6000.0,323.15,317.2025084207215,2.8447843556577705,500.0,0.0
6060.0,323.15,317.47956688568416,2.8432757006695653,500.0,0.0
6120.0,323.15,317.7563820414518,2.8417683226349206,500.0,0.0
6180.0,323.15,318.03295381140646,2.840262219041363,500.0,0.0
6240.0,323.15,318.309282142939,2.838757374031878,500.0,0.0
6300.0,323.15,318.585366972224,2.8372537792363697,500.0,0.0
6360.0,323.15,318.8612082318196,2.835751427766641,500.0,0.0
6420.0,323.15,319.1368058716685,2.8342503054719357,500.0,0.0
6480.0,323.15,319.41215982575153,2.8327504054842634,500.0,0.0
6540.0,323.15,319.6872700335105,2.831251718582594,500.0,0.0
6600.0,323.15,319.9621364412878,2.8297542331173036,500.0,0.0
6660.0,323.15,320.23675899120275,2.8282579391232043,500.0,0.0
6720.0,323.15,320.5111376247792,2.8267628269779177,500.0,0.0
6780.0,323.15,320.78527228840306,2.8252688863462705,500.0,0.0
6840.0,323.15,321.05916292946694,2.823776106830285,500.0,0.0
6900.0,323.15,321.33280949103033,2.8222844784659613,500.0,0.0
6960.0,323.15,321.6062119192281,2.8207939919603886,500.0,0.0
7020.0,323.15,321.8793701629872,2.8193046408386926,500.0,0.0
7080.0,323.15,322.1522841677484,2.817816414255342,500.0,0.0
7140.0,323.15,322.4249538806311,2.816329302908473,500.0,0.0
7200.0,323.15,322.6973792490854,2.8148432974962225,500.0,0.0
7260.0,323.15,322.9695602208905,2.813358388716727,500.0,0.0
7320.0,323.15,323.2414967441568,2.811874567268124,500.0,0.0
7380.0,323.15,323.51318876869533,2.8103918255181997,500.0,0.0
7440.0,323.15,323.7846362432719,2.8089101541611075,500.0,0.0
7500.0,323.15,324.05583911670186,2.807429543550841,500.0,0.0
7560.0,323.15,324.32679733856384,2.8059499845700344,500.0,0.0
7620.0,323.15,324.5975108587655,2.8044714681013194,500.0,0.0
7680.0,323.15,324.86797962754287,2.802993985027329,500.0,0.0
7740.0,323.15,325.1382035979232,2.801517527472728,500.0,0.0
7800.0,323.15,325.40818273440874,2.8000420931853243,500.0,0.0
7860.0,323.15,325.67791697970546,2.798567668752948,500.0,0.0
7920.0,323.15,325.9474062863414,2.79709424555262,500.0,0.0
7980.0,323.15,326.2166506071724,2.795621814961365,500.0,0.0
8040.0,323.15,326.48564989538073,2.7941503683562043,500.0,0.0
8100.0,323.15,326.7544041044767,2.7926798971141604,500.0,0.0
8160.0,323.15,327.02291320051387,2.791210397310492,500.0,0.0
8220.0,323.15,327.2911771397391,2.7897418611238307,500.0,0.0
8280.0,323.15,327.559195872046,2.788274278164117,500.0,0.0
8340.0,323.15,327.82696935343716,2.7868076402652906,500.0,0.0
8400.0,323.15,328.09449754024155,2.7853419392612895,500.0,0.0
8460.0,323.15,328.36178038911265,2.7838771669860525,500.0,0.0
8520.0,323.15,328.6288178594163,2.782413316106076,500.0,0.0
8580.0,323.15,328.895609938719,2.7809503890135696,500.0,0.0
8640.0,323.15,329.16215656659375,2.779488371243582,500.0,0.0
8700.0,323.15,329.42845770290654,2.7780272552976193,500.0,0.0
8760.0,323.15,329.6945133078471,2.776567033677189,500.0,0.0
8820.0,323.15,329.96032334192927,2.7751076988837964,500.0,0.0
8880.0,323.15,330.22588776598985,2.7736492434189484,500.0,0.0
8940.0,323.15,330.4912065411897,2.7721916597841507,500.0,0.0
9000.0,323.15,330.75627962901154,2.770734940480911,500.0,0.0
9060.0,323.15,331.0211069912621,2.769279078010734,500.0,0.0
9120.0,323.15,331.2856885900699,2.7678240648751276,500.0,0.0
9180.0,323.15,331.5500243878857,2.766369893575597,500.0,0.0
9240.0,323.15,331.8141143474821,2.7649165566136493,500.0,0.0
9300.0,323.15,332.07795843204934,2.7634640465161615,500.0,0.0
9360.0,323.15,332.3415566588283,2.76201237010307,500.0,0.0
9420.0,323.15,332.6049089509092,2.760561509063811,500.0,0.0
9480.0,323.15,332.86801527346387,2.7591114561965484,500.0,0.0
9540.0,323.15,333.1308755919851,2.757662204299444,500.0,0.0
9600.0,323.15,333.39348987228533,2.756213746170662,500.0,0.0
9660.0,323.15,333.65585808049747,2.754766074608365,500.0,0.0
9720.0,323.15,333.91798018307367,2.7533191824107157,500.0,0.0
9780.0,323.15,334.17985614678565,2.7518730623758785,500.0,0.0
9840.0,323.15,334.44148593872393,2.7504277073020154,500.0,0.0
9900.0,323.15,334.70286952629846,2.748983109987289,500.0,0.0
9960.0,323.15,334.9640068772365,2.747539263229864,500.0,0.0
10020.0,323.15,335.22489795958467,2.7460961598279026,500.0,0.0
10080.0,323.15,335.485542741707,2.7446537925795678,500.0,0.0
10140.0,323.15,335.7459412315613,2.7432121644017573,500.0,0.0
10200.0,323.15,336.0060933714696,2.7417712612203973,500.0,0.0
10260.0,323.15,336.2659991282971,2.740331075202497,500.0,0.0
10320.0,323.15,336.5256585034759,2.738891607492825,500.0,0.0
10380.0,323.15,336.78507147952206,2.73745285418698,500.0,0.0
10440.0,323.15,337.0442380198181,2.7360148062735123,500.0,0.0
10500.0,323.15,337.3031580999478,2.7345774578619566,500.0,0.0
10560.0,323.15,337.5618316958099,2.733140803061847,500.0,0.0
10620.0,323.15,337.82025878361793,2.7317048359827174,500.0,0.0
10680.0,323.15,338.07843933879195,2.7302695504439436,500.0,0.0
10740.0,323.15,338.3363733230735,2.728834936523089,500.0,0.0
10800.0,323.15,338.5940607734296,2.7273725310024024,500.0,0.0
10860.0,323.15,338.85156513882936,2.7246440414173825,500.0,0.0
10920.0,323.15,339.10894553247255,2.721910087222471,500.0,0.0
10980.0,323.15,339.3662017132038,2.7191770489545477,500.0,0.0
11040.0,323.15,339.6233335801682,2.7164449301197218,500.0,0.0
11100.0,323.15,339.8803408158196,2.7137137657049286,500.0,0.0
11160.0,323.15,340.13722335596293,2.710983547328544,500.0,0.0
11220.0,323.15,340.39398082190036,2.7082542887831376,500.0,0.0
11280.0,323.15,340.6506131342191,2.7055259837027115,500.0,0.0
11340.0,323.15,340.90711995238047,2.702798629567131,500.0,0.0
11400.0,323.15,341.1635011986203,2.700072223706737,500.0,0.0
11460.0,323.15,341.4197565324749,2.697346757927956,500.0,0.0
11520.0,323.15,341.67588579780187,2.6946222295456055,500.0,0.0
11580.0,323.15,341.931888784558,2.691898634258623,500.0,0.0
11640.0,323.15,342.18776523253354,2.689175966626969,500.0,0.0
11700.0,323.15,342.4435149149504,2.6864542219645235,500.0,0.0
11760.0,323.15,342.69913761985066,2.6837333959177383,500.0,0.0
11820.0,323.15,342.95463312345424,2.6810134838623023,500.0,0.0
11880.0,323.15,343.21000116071144,2.6782944780327136,500.0,0.0
11940.0,323.15,343.46524151805403,2.6755763745584593,500.0,0.0
12000.0,323.15,343.7203539668279,2.6728591684141474,500.0,0.0
12060.0,323.15,343.9753382781392,2.670142854287115,500.0,0.0
12120.0,323.15,344.2301942268329,2.6674274258899517,500.0,0.0
12180.0,323.15,344.4849215822532,2.664712878462388,500.0,0.0
12240.0,323.15,344.7395201159433,2.661999206686558,500.0,0.0
12300.0,323.15,344.99398961305695,2.659286406101398,500.0,0.0
12360.0,323.15,345.2483298685789,2.6565744728623892,500.0,0.0
12420.0,323.15,345.5025406478259,2.6538634012289495,500.0,0.0
12480.0,323.15,345.75662172867845,2.651153186250673,500.0,0.0
12540.0,323.15,346.01057288915894,2.6484438229771534,500.0,0.0
12600.0,323.15,346.2643939074315,2.6457353064579836,500.0,0.0
12660.0,323.15,346.5180845618025,2.6430276317427577,500.0,0.0
12720.0,323.15,346.7716446307224,2.640320793881069,500.0,0.0
12780.0,323.15,347.02507385237544,2.637614789433606,500.0,0.0
12840.0,323.15,347.27837202197253,2.634909612834099,500.0,0.0
12900.0,323.15,347.53153892032884,2.632205259059959,500.0,0.0
12960.0,323.15,347.78457432377826,2.6295017232616194,500.0,0.0
13020.0,323.15,348.03747800880075,2.6267990005895125,500.0,0.0
13080.0,323.15,348.29024975202327,2.62409708619407,500.0,0.0
13140.0,323.15,348.54288933021934,2.621395975225724,500.0,0.0
13200.0,323.15,348.7953965198969,2.6186956641858687,500.0,0.0
13260.0,323.15,349.04777109737853,2.6159961506652465,500.0,0.0
13320.0,323.15,349.3000128404985,2.6132974278033543,500.0,0.0
13380.0,323.15,349.5521215265638,2.610599490951203,500.0,0.0
13440.0,323.15,349.80409693303073,2.6079023354598037,500.0,0.0
13500.0,323.15,350.05593883750595,2.6052059566801664,500.0,0.0
13560.0,323.15,350.3076470177469,2.6025103499633033,500.0,0.0
13620.0,323.15,350.559221251663,2.599815510660224,500.0,0.0
13680.0,323.15,350.8106613011034,2.597121437283044,500.0,0.0
13740.0,323.15,351.06196694917156,2.5944281242296703,500.0,0.0
13800.0,323.15,351.3131379768667,2.5917355663378525,500.0,0.0
13860.0,323.15,351.56417416177857,2.589043759140192,500.0,0.0
13920.0,323.15,351.8150752816511,2.5863526981692893,500.0,0.0
13980.0,323.15,352.06584111438286,2.5836623789577464,500.0,0.0
14040.0,323.15,352.31647143802724,2.5809727970381626,500.0,0.0
14100.0,323.15,352.56696601526386,2.5782839480693127,500.0,0.0
14160.0,323.15,352.4672817030776,2.575019637852414,0.0,0.0
14220.0,323.15,352.3611660347679,2.5717457035573927,0.0,0.0
14280.0,323.15,352.2551012938906,2.56847281457769,0.0,0.0
14340.0,323.15,352.14908764398723,2.565200970277503,0.0,0.0
14400.0,323.15,352.04312518902447,2.5619063861922653,0.0,0.0
14460.0,323.15,351.93705739671435,2.551222488668553,0.0,0.0
14520.0,323.15,351.83073435916407,2.5405453719050493,0.0,0.0
14580.0,323.15,351.72415292202066,2.5298750798508354,0.0,0.0
14640.0,323.15,351.61731169311,2.5192116094049037,0.0,0.0
14700.0,323.15,351.51020933410035,2.50855495750868,0.0,0.0
14760.0,323.15,351.4028443967091,2.4979051208616068,0.0,0.0
14820.0,323.15,351.29521536672615,2.4872620960449687,0.0,0.0
14880.0,323.15,351.18732072240783,2.4766258796402805,0.0,0.0
14940.0,323.15,351.07915885259405,2.465996468072244,0.0,0.0
15000.0,323.15,350.97072819574436,2.455373858049885,0.0,0.0
15060.0,323.15,350.8620271806788,2.444758046162151,0.0,0.0
15120.0,323.15,350.7530542349072,2.434149029016031,0.0,0.0
15180.0,323.15,350.6438076877243,2.4235468033925804,0.0,0.0
15240.0,323.15,350.5342859593116,2.412951365911846,0.0,0.0
15300.0,323.15,350.4244874530695,2.402362713223473,0.0,0.0
15313.39343014416,323.15,350.3999398598383,2.3999999995199954,0.0,0.0
15313.39343014416,323.15,350.3999398598383,2.3999999995199954,0.0,1450.0
15313.393450982778,323.15,350.39993969691847,2.4000000004800013,0.0,1450.0
15313.393450982778,323.15,350.39993969691847,2.4000000004800013,0.0,1450.0
15360.0,323.15,349.99023863169583,2.4038975827098867,0.0,1450.0
15420.0,323.15,349.46786377368943,2.4089173915121083,0.0,1450.0
15480.0,323.15,348.95113803639634,2.413939565452792,0.0,1450.0
15540.0,323.15,348.43999055734815,2.418964017550359,0.0,1450.0
15600.0,323.15,347.93434867048205,2.4239906590590006,0.0,1450.0
15660.0,323.15,347.43413706041514,2.42901939854969,0.0,1450.0
15720.0,323.15,346.9392846965555,2.4340501505865135,0.0,1450.0
15780.0,323.15,346.44972063322047,2.4390828299480907,0.0,1450.0
15840.0,323.15,345.965375387792,2.444117353487068,0.0,1450.0
15900.0,323.15,345.48617965677994,2.449153638495686,0.0,1450.0
15960.0,323.15,345.01206843580195,2.454191608489195,0.0,1450.0
16020.0,323.15,344.5429748250313,2.4592311844482397,0.0,1450.0
16080.0,323.15,344.07883412376106,2.464272290646827,0.0,1450.0
16140.0,323.15,343.6195828375658,2.4693148531985267,0.0,1450.0
16200.0,323.15,343.1651571835603,2.4743587978782284,0.0,1450.0
16260.0,323.15,342.7154963190289,2.4794040548056255,0.0,1450.0
16320.0,323.15,342.27053779666977,2.484450551830888,0.0,1450.0
16380.0,323.15,341.83022230521755,2.489498221364169,0.0,1450.0
16440.0,323.15,341.3944900577853,2.494546995206254,0.0,1450.0
16500.0,323.15,340.96328248511844,2.4995968069608474,0.0,1450.0
16560.0,323.15,340.53654250203664,2.5046475923601887,0.0,1450.0
16620.0,323.15,340.1142135238119,2.509699287942725,0.0,1450.0
16680.0,323.15,339.6962399725026,2.5147518317303033,0.0,1450.0
16740.0,323.15,339.28256706707185,2.51980516283093,0.0,1450.0
16800.0,323.15,338.8731407241722,2.5248592212661984,0.0,1450.0
16860.0,323.15,338.4679081799638,2.529913949167496,0.0,1450.0
16920.0,323.15,338.06681743518544,2.534969289703008,0.0,1450.0
16980.0,323.15,337.66981575507697,2.5400251846417943,0.0,1450.0
17040.0,323.15,337.2768528131308,2.5450815795403336,0.0,1450.0
17100.0,323.15,336.8878787236429,2.5501384204930675,0.0,1450.0
17160.0,323.15,336.5028437597735,2.5551956536935476,0.0,1450.0
17220.0,323.15,336.12169846214414,2.5602532256097823,0.0,1450.0
17280.0,323.15,335.7443951391347,2.565311085386526,0.0,1450.0
17340.0,323.15,335.370886413406,2.5703691825143675,0.0,1450.0
17400.0,323.15,335.0011251348507,2.5754274666729517,0.0,1450.0
17460.0,323.15,334.6350653580425,2.580485889326574,0.0,1450.0
17520.0,323.15,334.2726616820616,2.5855444026438,0.0,1450.0
17580.0,323.15,333.9138694585483,2.5906029598006532,0.0,1450.0
17640.0,323.15,333.5586447770889,2.595661514967449,0.0,1450.0
17700.0,323.15,333.2069443407128,2.600720023173776,0.0,1450.0
17760.0,323.15,332.85872559130627,2.6057784404391446,0.0,1450.0
17820.0,323.15,332.5139461289188,2.6108367228382567,0.0,1450.0
17880.0,323.15,332.1725648206696,2.6158948283228933,0.0,1450.0
17940.0,323.15,331.8345410198844,2.62095271543687,0.0,1450.0
18000.0,323.15,331.49983443844866,2.626000346884554,0.0,1450.0
18060.0,323.15,331.1683497729344,2.630127823834928,0.0,1450.0
18120.0,323.15,330.83997936594886,2.6341726342551928,0.0,1450.0
18180.0,323.15,330.5146874694812,2.6382169607476116,0.0,1450.0
18240.0,323.15,330.19243974606474,2.642261498873181,0.0,1450.0
18300.0,323.15,329.87320241983144,2.646305910284196,0.0,1450.0
18360.0,323.15,329.55694203716854,2.6503502917508106,0.0,1450.0
18420.0,323.15,329.24362539971054,2.6543947034342428,0.0,1450.0
18480.0,323.15,328.9332199759461,2.6584389544637834,0.0,1450.0
18540.0,323.15,328.6256936710079,2.6624830151391445,0.0,1450.0
18600.0,323.15,328.32101453841693,2.666526832187097,0.0,1450.0
18660.0,323.15,328.0191513010554,2.670570371614201,0.0,1450.0
18720.0,323.15,327.72007300576473,2.6746135929796013,0.0,1450.0
18780.0,323.15,327.4237490030213,2.6786564610957555,0.0,1450.0
18840.0,323.15,327.1301490567309,2.682698944731507,0.0,1450.0
18900.0,323.15,326.8392435404407,2.6867410207015654,0.0,1450.0
18960.0,323.15,326.5510030742667,2.6907826667718937,0.0,1450.0
19020.0,323.15,326.26539872602024,2.694823863817898,0.0,1450.0
19080.0,323.15,325.9824016277733,2.698864560516249,0.0,1450.0
19140.0,323.15,325.70198361984427,2.7029047395765966,0.0,1450.0
19200.0,323.15,325.42411680344736,2.706944373130026,0.0,1450.0
19260.0,323.15,325.1487734947123,2.710983429813138,0.0,1450.0
19320.0,323.15,324.87592653662995,2.7150218816813156,0.0,1450.0
19380.0,323.15,324.60554905860266,2.7190596999810164,0.0,1450.0
19440.0,323.15,324.33761440120094,2.7230968590290243,0.0,1450.0
19500.0,323.15,324.07209640829666,2.7271333298960507,0.0,1450.0
19560.0,323.15,323.80896919375385,2.7311690856444972,0.0,1450.0
19620.0,323.15,323.54820710602195,2.735204102682604,0.0,1450.0
19680.0,323.15,323.2897849475741,2.7392383545251264,0.0,1450.0
19740.0,323.15,323.0336777910989,2.743271816431025,0.0,1450.0
19800.0,323.15,322.7798609561449,2.7473044645303566,0.0,1450.0
19860.0,323.15,322.5283101483456,2.7513362752961488,0.0,1450.0
19920.0,323.15,322.27900134402006,2.7553672255675594,0.0,1450.0
19980.0,323.15,322.03191079626043,2.7593972918325,0.0,1450.0
20040.0,323.15,321.787015069069,2.763426451872417,0.0,1450.0
20100.0,323.15,321.544291010903,2.767454683473009,0.0,1450.0
20160.0,323.15,321.3037157646392,2.7714819646929216,0.0,1450.0
20220.0,323.15,321.06526673717275,2.775508273835204,0.0,1450.0
20280.0,323.15,320.82892162043464,2.7795335897315705,0.0,1450.0
20340.0,323.15,320.5946583844208,2.78355789186652,0.0,1450.0
20400.0,323.15,320.36245526117256,2.787581159565981,0.0,1450.0
20460.0,323.15,320.13229075106125,2.791603372656868,0.0,1450.0
20520.0,323.15,319.90414361638574,2.795624511290488,0.0,1450.0
20580.0,323.15,319.67799287756844,2.7996445559375522,0.0,1450.0
20640.0,323.15,319.45381779945234,2.803663486862535,0.0,1450.0
20700.0,323.15,319.2315978979986,2.807681284671804,0.0,1450.0
20760.0,323.15,319.0113129425185,2.8116979306270493,0.0,1450.0
20820.0,323.15,318.7929429391298,2.8157134059707527,0.0,1450.0
20880.0,323.15,318.57646813112086,2.819727692141757,0.0,1450.0
20940.0,323.15,318.36186899494925,2.823740770761232,0.0,1450.0
21000.0,323.15,318.1491263048568,2.8277526261475563,0.0,1450.0
21060.0,323.15,317.93822101711754,2.831763241184096,0.0,1450.0
21120.0,323.15,317.7291342929802,2.8357725982986515,0.0,1450.0
21180.0,323.15,317.5218475362802,2.839780680983492,0.0,1450.0
21240.0,323.15,317.3163423703044,2.8437874730768677,0.0,1450.0
21300.0,323.15,317.1126006342682,2.8477929587673665,0.0,1450.0
21333.068744939228,323.15,317.0010565484229,2.8500000005700232,0.0,1450.0
21333.068744939228,323.15,317.0010565484229,2.8500000005700232,0.0,0.0
21333.0687519978,323.15,317.00105654115197,2.849999999429992,0.0,0.0
21333.0687519978,323.15,317.00105654115197,2.849999999429992,0.0,0.0
21360.0,323.15,316.9827796422191,2.8447247776788416,0.0,0.0
21420.0,323.15,316.94198163981144,2.832977923105945,0.0,0.0
21480.0,323.15,316.9010869801279,2.821238112322146,0.0,0.0
21540.0,323.15,316.8600857717335,2.8095060140898718,0.0,0.0
21600.0,323.15,316.81897699908444,2.797775816249991,0.0,0.0
21660.0,323.15,316.77774877393705,2.785304489384262,0.0,0.0
21720.0,323.15,316.73640605414295,2.772833677813171,0.0,0.0
21780.0,323.15,316.69494217107393,2.760371623988459,0.0,0.0
21840.0,323.15,316.65335634933587,2.747918311921956,0.0,0.0
21900.0,323.15,316.6116472045081,2.7354737338257884,0.0,0.0
21960.0,323.15,316.5698145846097,2.7230378885940767,0.0,0.0
22020.0,323.15,316.527857753206,2.71061077102007,0.0,0.0
22080.0,323.15,316.4857754057967,2.6981923718539553,0.0,0.0
22140.0,323.15,316.44356829920827,2.6857826964615312,0.0,0.0
22200.0,323.15,316.40123332952186,2.6733817233513717,0.0,0.0
22260.0,323.15,316.35877151792516,2.660989459593575,0.0,0.0
22320.0,323.15,316.31618161674777,2.6486058968181028,0.0,0.0
22380.0,323.15,316.27346189356587,2.6362310233642403,0.0,0.0
22440.0,323.15,316.2306134199043,2.6238648464434986,0.0,0.0
22500.0,323.15,316.1876334925493,2.611507348661006,0.0,0.0
22560.0,323.15,316.14452201786725,2.5991585294137507,0.0,0.0
22620.0,323.15,316.10127821911425,2.5868183837030876,0.0,0.0
22680.0,323.15,316.0579012953553,2.574486906374687,0.0,0.0
22740.0,323.15,316.01439042597434,2.562164092175897,0.0,0.0
22800.0,323.15,315.97074400692196,2.5498499319407424,0.0,0.0
22860.0,323.15,315.92696154942627,2.537544422074129,0.0,0.0
22920.0,323.15,315.8830421535948,2.5252475569273596,0.0,0.0
22980.0,323.15,315.83898491953704,2.5129593308517375,0.0,0.0
23040.0,323.15,315.79478889584317,2.500679738074858,0.0,0.0
23100.0,323.15,315.750452409939,2.4884087710927907,0.0,0.0
23160.0,323.15,315.70597491680695,2.4761464251088627,0.0,0.0
23220.0,323.15,315.66135543876186,2.4638926942875585,0.0,0.0
23280.0,323.15,315.6165929981226,2.4516475727933593,0.0,0.0
23340.0,323.15,315.5716865568276,2.4394110548780645,0.0,0.0
23400.0,323.15,315.5266346084276,2.427183135470769,0.0,0.0
23460.0,323.15,315.48143642153065,2.4149638083798375,0.0,0.0
23520.0,323.15,315.4360909620678,2.402753067851312,0.0,0.0
23533.533599660197,323.15,315.4258423786417,2.3999999995199395,0.0,0.0
23533.533599660197,323.15,315.4258423786417,2.3999999995199395,0.0,1450.0
23533.53362273633,323.15,315.4258422962909,2.400000000480016,0.0,1450.0
23533.53362273633,323.15,315.4258422962909,2.400000000480016,0.0,1450.0
23580.0,323.15,315.2512688716436,2.4027565761056353,0.0,1450.0
23640.0,323.15,315.0278110429718,2.4063150596670204,0.0,1450.0
23700.0,323.15,314.80657112510374,2.409872425797318,0.0,1450.0
23760.0,323.15,314.58752525051085,2.413428656478625,0.0,1450.0
23820.0,323.15,314.37064902663684,2.416983733462127,0.0,1450.0
23880.0,323.15,314.1559172914187,2.4205376379839905,0.0,1450.0
23940.0,323.15,313.94330416861095,2.4240903508389247,0.0,1450.0
24000.0,323.15,313.7327854992854,2.4276418543026623,0.0,1450.0
24060.0,323.15,313.5243369727942,2.4311921305264264,0.0,1450.0
24120.0,323.15,313.3179347771881,2.4347411621059503,0.0,1450.0
24180.0,323.15,313.11355503166504,2.438288931577804,0.0,1450.0
24240.0,323.15,312.9111746502967,2.441835422243576,0.0,1450.0
24300.0,323.15,312.71077127524865,2.445380618090568,0.0,1450.0
24360.0,323.15,312.5123217479325,2.4489245023653146,0.0,1450.0
24420.0,323.15,312.3158046853096,2.452467060038433,0.0,1450.0
24480.0,323.15,312.12119725114127,2.456008274662396,0.0,1450.0
24540.0,323.15,311.92847879919935,2.4595481319420847,0.0,1450.0
24600.0,323.15,311.73762703328765,2.4630866159616573,0.0,1450.0
24660.0,323.15,311.5486213112022,2.4666237124157147,0.0,1450.0
24720.0,323.15,311.3614407348942,2.470159406752476,0.0,1450.0
24780.0,323.15,311.176064615568,2.473693684624283,0.0,1450.0
24840.0,323.15,310.9924725988629,2.477226532008805,0.0,1450.0
24900.0,323.15,310.8106447440337,2.480757935278359,0.0,1450.0
24960.0,323.15,310.63056151185566,2.4842878811887177,0.0,1450.0
25020.0,323.15,310.4522033640041,2.4878163565100717,0.0,1450.0
25080.0,323.15,310.27555116340994,2.4913433483957204,0.0,1450.0
25140.0,323.15,310.1005860370013,2.4948688442546074,0.0,1450.0
25200.0,323.15,309.9272878107757,2.4983813022683288,0.0,1450.0
25260.0,323.15,309.7555447664192,2.4987047062387244,0.0,1450.0
25320.0,323.15,309.5852015912929,2.4990079897884145,0.0,1450.0
25380.0,323.15,309.4162596406247,2.49931193762179,0.0,1450.0
25440.0,323.15,309.24870733382187,2.4996165376301316,0.0,1450.0
25500.0,323.15,309.08253485949086,2.499921779619835,0.0,1450.0
25560.0,323.15,308.91772957250174,2.500227650495716,0.0,1450.0
25620.0,323.15,308.7542805739409,2.5005341390345426,0.0,1450.0
25680.0,323.15,308.5921770680755,2.500841234165696,0.0,1450.0
25740.0,323.15,308.43140820483126,2.501148924843692,0.0,1450.0
25800.0,323.15,308.2719640590295,2.501457200965074,0.0,1450.0
25860.0,323.15,308.1138318579685,2.501766049605586,0.0,1450.0
25920.0,323.15,307.95700066880266,2.502075459671124,0.0,1450.0
25980.0,323.15,307.8014585566951,2.502385419284502,0.0,1450.0
26040.0,323.15,307.6471940749813,2.5026959168791287,0.0,1450.0
26100.0,323.15,307.4941967814796,2.503006942261412,0.0,1450.0
26160.0,323.15,307.34245526530964,2.5033184839959515,0.0,1450.0
26220.0,323.15,307.19195979864327,2.5036305327148676,0.0,1450.0
26280.0,323.15,307.0426994756618,2.5039430776154323,0.0,1450.0
26340.0,323.15,306.894664229478,2.5042561089990243,0.0,1450.0
26400.0,323.15,306.74784387412916,2.504569617004311,0.0,1450.0
26460.0,323.15,306.60222837028977,2.504883591970986,0.0,1450.0
26520.0,323.15,306.4578073200914,2.5051980238668876,0.0,1450.0
26580.0,323.15,306.3145707813248,2.5055129032076726,0.0,1450.0
26640.0,323.15,306.17250878546207,2.5058282205098235,0.0,1450.0
26700.0,323.15,306.03161159595544,2.5061439665986107,0.0,1450.0
26760.0,323.15,305.8918693960201,2.506460132227051,0.0,1450.0
26820.0,323.15,305.75327249395133,2.5067767083255346,0.0,1450.0
26880.0,323.15,305.6158110955826,2.507093685697816,0.0,1450.0
26940.0,323.15,305.4794756453379,2.5074110554867506,0.0,1450.0
27000.0,323.15,305.34425660827736,2.507728808874297,0.0,1450.0
27060.0,323.15,305.21014480668697,2.5080469374616623,0.0,1450.0
27120.0,323.15,305.07713087515657,2.508365432677696,0.0,1450.0
27180.0,323.15,304.9452056169591,2.5086842861631697,0.0,1450.0
27240.0,323.15,304.8143597665863,2.509003489463368,0.0,1450.0
27300.0,323.15,304.6845842900204,2.509323034451857,0.0,1450.0
27360.0,323.15,304.5558701915713,2.5096429130545355,0.0,1450.0
27420.0,323.15,304.4282086843834,2.509963117447716,0.0,1450.0
27480.0,323.15,304.3015909409219,2.5102836397924033,0.0,1450.0
27540.0,323.15,304.1760082467442,2.5106044723938843,0.0,1450.0
27600.0,323.15,304.05145180667563,2.5109256074566155,0.0,1450.0
27660.0,323.15,303.92791306739736,2.5112470375090217,0.0,1450.0
27720.0,323.15,303.80538350440924,2.5115687551205452,0.0,1450.0
27780.0,323.15,303.6838547419232,2.5118907530426617,0.0,1450.0
27840.0,323.15,303.5633184068543,2.5122130240533718,0.0,1450.0
27900.0,323.15,303.4437662127688,2.5125355610415467,0.0,1450.0
27960.0,323.15,303.3251898372658,2.512858356848747,0.0,1450.0
28020.0,323.15,303.2075811456842,2.513181404570277,0.0,1450.0
28080.0,323.15,303.09093204478285,2.5135046973579276,0.0,1450.0
28140.0,323.15,303.22415320328656,2.514017862094552,500.0,1450.0
28200.0,323.15,303.4642103000021,2.5146138994115215,500.0,1450.0
28260.0,323.15,303.70231250708815,2.5152102493787076,500.0,1450.0
28320.0,323.15,303.93847614965733,2.5158068887663445,500.0,1450.0
28380.0,323.15,304.17271719235436,2.5164037952905534,500.0,1450.0
28440.0,323.15,304.40505144562604,2.5170009472047488,500.0,1450.0
28500.0,323.15,304.6354946773692,2.517598323119175,500.0,1450.0
28560.0,323.15,304.8640624931575,2.5181959022020637,500.0,1450.0
28620.0,323.15,305.09077038099673,2.518793664113094,500.0,1450.0
28680.0,323.15,305.3156335988829,2.5193915894396706,500.0,1450.0
28740.0,323.15,305.5386675307232,2.5199896582749357,500.0,1450.0
28800.0,323.15,305.75988704653247,2.520629975195228,500.0,1450.0
28860.0,323.15,305.97921981840733,2.5231923874288626,500.0,1450.0
28920.0,323.15,306.1966012281874,2.5257659817879055,500.0,1450.0
28980.0,323.15,306.412049124981,2.5283384153765898,500.0,1450.0
29040.0,323.15,306.6255817442879,2.5309095372530948,500.0,1450.0
29100.0,323.15,306.8372176438675,2.5334792953594203,500.0,1450.0
29160.0,323.15,307.04697618509937,2.5360476529927567,500.0,1450.0
29220.0,323.15,307.25487610222086,2.5386146025194294,500.0,1450.0
29280.0,323.15,307.460935542933,2.5411801488097074,500.0,1450.0
29340.0,323.15,307.6651727765888,2.543744272525131,500.0,1450.0
29400.0,323.15,307.8676058590633,2.5463069445556448,500.0,1450.0
29460.0,323.15,308.06825242978385,2.5488681574561474,500.0,1450.0
29520.0,323.15,308.26712965820076,2.5514279003463396,500.0,1450.0
29580.0,323.15,308.46425500734455,2.5539861590956794,500.0,1450.0
29640.0,323.15,308.65964545153173,2.5565429215864333,500.0,1450.0
29700.0,323.15,308.853317995821,2.5590981754678257,500.0,1450.0
29760.0,323.15,309.04528926516394,2.5616519092337864,500.0,1450.0
29820.0,323.15,309.2355758998139,2.564204111169632,500.0,1450.0
29880.0,323.15,309.424194192489,2.5667547701935907,500.0,1450.0
29940.0,323.15,309.6111605192619,2.569303875102649,500.0,1450.0
30000.0,323.15,309.7964907588782,2.571851415525665,500.0,1450.0
30060.0,323.15,309.9802008995502,2.574397380910455,500.0,1450.0
30120.0,323.15,310.16230668264694,2.5769417611214736,500.0,1450.0
30180.0,323.15,310.34282358643014,2.5794845464640876,500.0,1450.0
30240.0,323.15,310.52176692362815,2.582025727523625,500.0,1450.0
30300.0,323.15,310.69915190140995,2.584565295066403,500.0,1450.0
30360.0,323.15,310.87499351574576,2.5871032402138305,500.0,1450.0
30420.0,323.15,311.0493066396568,2.5896395542671313,500.0,1450.0
30480.0,323.15,311.2221059559943,2.592174228855064,500.0,1450.0
30540.0,323.15,311.39340594291485,2.5947072559657696,500.0,1450.0
30600.0,323.15,311.56322092412626,2.597238627836187,500.0,1450.0
30660.0,323.15,311.73156527462316,2.5997683364850945,500.0,1450.0
30720.0,323.15,311.8984531145704,2.6022963744059635,500.0,1450.0
30780.0,323.15,312.0638982935474,2.604822734602535,500.0,1450.0
30840.0,323.15,312.2279145732702,2.6073474101751284,500.0,1450.0
30900.0,323.15,312.3905157787305,2.6098703938790413,500.0,1450.0
30960.0,323.15,312.55171548192396,2.6123916789831836,500.0,1450.0
31020.0,323.15,312.7115270186435,2.6149112592243875,500.0,1450.0
31080.0,323.15,312.8699636443782,2.6174291283840363,500.0,1450.0
31140.0,323.15,313.02703853788745,2.6199452801281167,500.0,1450.0
31200.0,323.15,313.18276470302436,2.6224597084990977,500.0,1450.0
31260.0,323.15,313.33715498275814,2.624972407845512,500.0,1450.0
31320.0,323.15,313.4902220987563,2.627483372623446,500.0,1450.0
31380.0,323.15,313.64197861586723,2.629992597348556,500.0,1450.0
31440.0,323.15,313.7924369715275,2.6325000768013225,500.0,1450.0
31500.0,323.15,313.94160946921926,2.635005805981603,500.0,1450.0
31560.0,323.15,314.08950826886024,2.6375097800417815,500.0,1450.0
31620.0,323.15,314.2361453911124,2.6400119943169824,500.0,1450.0
31680.0,323.15,314.3815327173592,2.6425124443250665,500.0,1450.0
31740.0,323.15,314.52568198968373,2.6450111257666338,500.0,1450.0
31800.0,323.15,314.66860481084694,2.647508034525023,500.0,1450.0
31860.0,323.15,314.81031331726507,2.650003165528881,500.0,1450.0
31920.0,323.15,314.9508187742019,2.6524965151263866,500.0,1450.0
31980.0,323.15,315.09013233327215,2.6549880798049665,500.0,1450.0
32040.0,323.15,315.22826516553636,2.6574778559663232,500.0,1450.0
32100.0,323.15,315.3652283138368,2.65996584017597,500.0,1450.0
32160.0,323.15,315.5010326927796,2.662452029163228,500.0,1450.0
32220.0,323.15,315.6356890887192,2.66493641982123,500.0,1450.0
32280.0,323.15,315.7692081597415,2.6674190092069194,500.0,1450.0
32340.0,323.15,315.9016034387477,2.6698997902133206,500.0,1450.0
32400.0,323.15,316.0328843986363,2.672329763205734,500.0,1450.0
32460.0,323.15,316.16309340927836,2.673060395666512,500.0,1450.0
32520.0,323.15,316.2922973934379,2.673790463665788,500.0,1450.0
32580.0,323.15,316.42049847163395,2.6745199609746027,500.0,1450.0
32640.0,323.15,316.54770374122353,2.675248884559198,500.0,1450.0
32700.0,323.15,316.6739210841267,2.675977231225319,500.0,1450.0
32760.0,323.15,316.79915772382645,2.676704998155937,500.0,1450.0
32820.0,323.15,316.923421046448,2.6774321824949134,500.0,1450.0
32880.0,323.15,317.04671923185975,2.6781587811573484,500.0,1450.0
32940.0,323.15,317.1690599354642,2.6788847912278793,500.0,1450.0
33000.0,323.15,317.2904513846549,2.679610209793353,500.0,1450.0
33060.0,323.15,317.4109013157417,2.6803350340450276,500.0,1450.0
33120.0,323.15,317.53041668199813,2.6810592619514133,500.0,1450.0
33180.0,323.15,317.64900520293025,2.68178289080238,500.0,1450.0
33240.0,323.15,317.7666743971719,2.682505918065929,500.0,1450.0
33300.0,323.15,317.88343159414745,2.6832283413534674,500.0,1450.0
33360.0,323.15,317.9992840497851,2.683950158332188,500.0,1450.0
33420.0,323.15,318.11423932184397,2.6846713664408766,500.0,1450.0
33480.0,323.15,318.22830469376646,2.685391963369143,500.0,1450.0
33540.0,323.15,318.34148613320366,2.686111948189397,500.0,1450.0
33600.0,323.15,318.4537914154633,2.6868313180747267,500.0,1450.0
33660.0,323.15,318.56522769750114,2.687550070848135,500.0,1450.0
33720.0,323.15,318.67580137427416,2.688268205223424,500.0,1450.0
33780.0,323.15,318.7855194181639,2.6889857192396494,500.0,1450.0
33840.0,323.15,318.89438894511414,2.68970261076821,500.0,1450.0
33900.0,323.15,319.0024165726206,2.690418878250429,500.0,1450.0
33960.0,323.15,319.109608579336,2.6911345205113104,500.0,1450.0
34020.0,323.15,319.21597205784684,2.691849535454663,500.0,1450.0
34080.0,323.15,319.32151374898564,2.6925639213808825,500.0,1450.0
34140.0,323.15,319.42623944388805,2.693277677618624,500.0,1450.0
34200.0,323.15,319.53015613589815,2.6939908021951204,500.0,1450.0
34260.0,323.15,319.63327041884276,2.6947032935702153,500.0,1450.0
34320.0,323.15,319.73558843245536,2.695415150655395,500.0,1450.0
34380.0,323.15,319.8371164122264,2.6961263722670026,500.0,1450.0
34440.0,323.15,319.9378607681862,2.696836957047887,500.0,1450.0
34500.0,323.15,320.0378277407647,2.69754690380962,500.0,1450.0
34560.0,323.15,320.1370235215273,2.69825621141243,500.0,1450.0
34620.0,323.15,320.2354542531709,2.698964878765202,500.0,1450.0
34680.0,323.15,320.33312602951895,2.6996729048254786,500.0,1450.0
34740.0,323.15,320.4300446785716,2.7003802887585175,500.0,1450.0
34800.0,323.15,320.52621626689887,2.7010870295674865,500.0,1450.0
34860.0,323.15,320.6216467069044,2.701793126381399,500.0,1450.0
34920.0,323.15,320.7163418529573,2.7024985783846334,500.0,1450.0
34980.0,323.15,320.8103075061569,2.703203384813437,500.0,1450.0
35040.0,323.15,320.9035494143313,2.703907544955925,500.0,1450.0
35100.0,323.15,320.9960733057025,2.7046110580546783,500.0,1450.0
35160.0,323.15,321.0878849376002,2.7053139231658276,500.0,1450.0
35220.0,323.15,321.1789898431136,2.7060161398919163,500.0,1450.0
35280.0,323.15,321.26939357858606,2.706717707665951,500.0,1450.0
35340.0,323.15,321.3591016490429,2.707418625967114,500.0,1450.0
35400.0,323.15,321.44811950819,2.708118894320761,500.0,1450.0
35460.0,323.15,321.53645255841144,2.7088185122984214,500.0,1450.0
35520.0,323.15,321.6241064518111,2.7095174789732224,500.0,1450.0
35580.0,323.15,321.71108669091535,2.7102157936421882,500.0,1450.0
35640.0,323.15,321.79739839548944,2.710913456248071,500.0,1450.0
35700.0,323.15,321.8830468408274,2.711610466405593,500.0,1450.0
35760.0,323.15,321.9680372573492,2.7123068237639676,500.0,1450.0
35820.0,323.15,322.05237483059756,2.713002528006901,500.0,1450.0
35880.0,323.15,322.136064701238,2.713697578852588,500.0,1450.0
35940.0,323.15,322.2191120838975,2.714391975855169,500.0,1450.0
36000.0,323.15,322.30152103559675,2.715094341951335,500.0,1450.0
36060.0,323.15,322.38328665021726,2.716036563086398,500.0,1450.0
36120.0,323.15,322.4644259822682,2.7169779411374426,500.0,1450.0
36180.0,323.15,322.54493654224467,2.7179184652454786,500.0,1450.0
36240.0,323.15,322.6248230699819,2.7188581353862356,500.0,1450.0
36300.0,323.15,322.70409005109565,2.7197969515988265,500.0,1450.0
36360.0,323.15,322.78274273456026,2.720734913943491,500.0,1450.0
36420.0,323.15,322.86078587455125,2.7216720225053153,500.0,1450.0
36480.0,323.15,322.9382238515481,2.7226082773872493,500.0,1450.0
36540.0,323.15,323.01506143461387,2.723543678720557,500.0,1450.0
36600.0,323.15,323.0913035532912,2.7244782266595973,500.0,1450.0
36660.0,323.15,323.1669554330926,2.725411921368322,500.0,1450.0
36720.0,323.15,323.24202183023027,2.72634476306256,500.0,1450.0
36780.0,323.15,323.31650766274953,2.7272767519300425,500.0,1450.0
36840.0,323.15,323.39041754009196,2.7282078882421756,500.0,1450.0
36900.0,323.15,323.463756187138,2.7291381722407095,500.0,1450.0
36960.0,323.15,323.53652811557384,2.730067604220614,500.0,1450.0
37020.0,323.15,323.6087378831333,2.730996184478662,500.0,1450.0
37080.0,323.15,323.68039000105233,2.731923913323293,500.0,1450.0
37140.0,323.15,323.75148892722524,2.7328507911021,500.0,1450.0
37200.0,323.15,323.82203911619325,2.7337768181608113,500.0,1450.0
37260.0,323.15,323.89204498250973,2.734701994865457,500.0,1450.0
37320.0,323.15,323.9615109086714,2.7356263216001855,500.0,1450.0
37380.0,323.15,324.0304412465227,2.7365497987653016,500.0,1450.0
37440.0,323.15,324.09884027227196,2.7374724267752133,500.0,1450.0
37500.0,323.15,324.1667122431799,2.738394206061534,500.0,1450.0
37560.0,323.15,324.23406138931585,2.739315137072632,500.0,1450.0
37620.0,323.15,324.3008918954634,2.740235220272639,500.0,1450.0
37680.0,323.15,324.36720790848693,2.741154456141854,500.0,1450.0
37740.0,323.15,324.4330135373313,2.7420728451767435,500.0,1450.0
37800.0,323.15,324.498312853022,2.742990387889943,500.0,1450.0
37860.0,323.15,324.5631100561224,2.743907084766762,500.0,1450.0
37920.0,323.15,324.62740914469924,2.7448229363514214,500.0,1450.0
37980.0,323.15,324.6912140809538,2.745737943203775,500.0,1450.0
38040.0,323.15,324.7545288280622,2.7466521058897424,500.0,1450.0
38100.0,323.15,324.8173573157945,2.7475654249902375,500.0,1450.0
38160.0,323.15,324.8797034285363,2.7484779010758142,500.0,1450.0
38220.0,323.15,324.94157098589466,2.749389534665605,500.0,1450.0
38280.0,323.15,325.0029638338122,2.7503003264202075,500.0,1450.0
38340.0,323.15,325.0638857587749,2.751210276960065,500.0,1450.0
38400.0,323.15,325.1243405129216,2.7521193869186265,500.0,1450.0
38460.0,323.15,325.18433181404447,2.753027656942342,500.0,1450.0
38520.0,323.15,325.24386342042527,2.753935087635304,500.0,1450.0
38580.0,323.15,325.3029389921431,2.754841679661847,500.0,1450.0
38640.0,323.15,325.3615621412019,2.7557474337094634,500.0,1450.0
38700.0,323.15,325.4197364674272,2.75665235046225,500.0,1450.0
38760.0,323.15,325.4774655380824,2.757556430615987,500.0,1450.0
38820.0,323.15,325.5347529018647,2.758459674860424,500.0,1450.0
38880.0,323.15,325.59160213228887,2.7593620838243775,500.0,1450.0
38940.0,323.15,325.64801667345995,2.760263658270912,500.0,1450.0
39000.0,323.15,325.7039999778329,2.761164398923,500.0,1450.0
39060.0,323.15,325.75955546684594,2.7620643065133397,500.0,1450.0
39120.0,323.15,325.8146865309214,2.7629633817843584,500.0,1450.0
39180.0,323.15,325.8693965979108,2.7638616254438784,500.0,1450.0
39240.0,323.15,325.92368901749245,2.7647590382399923,500.0,1450.0
39300.0,323.15,325.97756708151013,2.765655620947891,500.0,1450.0
39360.0,323.15,326.03103407664156,2.7665513743357493,500.0,1450.0
39420.0,323.15,326.084093260491,2.767446299180212,500.0,1450.0
39480.0,323.15,326.1367478619647,2.7683403962649638,500.0,1450.0
39540.0,323.15,326.18900108336396,2.769233666372774,500.0,1450.0
39600.0,323.15,326.2408560926686,2.7701363530099443,500.0,1450.0
39660.0,323.15,326.29228496646016,2.773799482133873,500.0,1450.0
39720.0,323.15,326.34327756017245,2.777460040976005,500.0,1450.0
39780.0,323.15,326.39383348530765,2.7811180003961273,500.0,1450.0
39840.0,323.15,326.4439566661345,2.7847733617262937,500.0,1450.0
39900.0,323.15,326.49365060532585,2.788426126395886,500.0,1450.0
39960.0,323.15,326.5429195123931,2.7920762962192622,500.0,1450.0
40020.0,323.15,326.5917672995898,2.7957238729770806,500.0,1450.0
40080.0,323.15,326.64019837728114,2.799368858754418,500.0,1450.0
40140.0,323.15,326.6882161460256,2.803011255142357,500.0,1450.0
40200.0,323.15,326.73582501929474,2.806651064253046,500.0,1450.0
40260.0,323.15,326.783029166776,2.810288288066345,500.0,1450.0
40320.0,323.15,326.82983265938304,2.813922928554395,500.0,1450.0
40380.0,323.15,326.8762397655444,2.8175549879056017,500.0,1450.0
40440.0,323.15,326.92225460540243,2.8211844680818556,500.0,1450.0
40500.0,323.15,326.9678805928925,2.8248113710727534,500.0,1450.0
40560.0,323.15,327.01312170868556,2.8284356989011816,500.0,1450.0
40620.0,323.15,327.05798191301716,2.8320574535888263,500.0,1450.0
40680.0,323.15,327.1024646978655,2.835676637054081,500.0,1450.0
40740.0,323.15,327.1465735122651,2.839293251204905,500.0,1450.0
40800.0,323.15,327.1903122873177,2.842907298066517,500.0,1450.0
40860.0,323.15,327.23368466603193,2.8465187796291453,500.0,1450.0
40917.87624255618,323.15,327.2751777591839,2.850000000570002,500.0,1450.0
40917.87624255618,323.15,327.2751777591839,2.850000000570002,500.0,0.0
40917.87624940364,323.15,327.2751777857574,2.8499999994299006,500.0,0.0
40917.87624940364,323.15,327.2751777857574,2.8499999994299006,500.0,0.0
40920.0,323.15,327.284469672469,2.8495713075049136,500.0,0.0
40980.0,323.15,327.54736853869764,2.837464639585565,500.0,0.0
41040.0,323.15,327.8110131072654,2.82536702411199,500.0,0.0
41100.0,323.15,328.07541263549905,2.813278509476121,500.0,0.0
41160.0,323.15,328.34057111387943,2.8011990863101945,500.0,0.0
41220.0,323.15,328.60649308116325,2.7891287441252115,500.0,0.0
41280.0,323.15,328.8731827472788,2.7770674733024685,500.0,0.0
41340.0,323.15,329.14064460740366,2.765015263642529,500.0,0.0
41400.0,323.15,329.40888348131904,2.7529721043441215,500.0,0.0
41460.0,323.15,329.6779040096911,2.740937984954629,500.0,0.0
41520.0,323.15,329.94771141873997,2.728912894096328,500.0,0.0
41580.0,323.15,330.2183105519161,2.7168968210315434,500.0,0.0
41640.0,323.15,330.4897064764361,2.7048897550288253,500.0,0.0
41700.0,323.15,330.7619041488534,2.6928916854705927,500.0,0.0
41760.0,323.15,331.03490854408716,2.680902602403432,500.0,0.0
41820.0,323.15,331.308724641502,2.668922495252418,500.0,0.0
41880.0,323.15,331.5833574163192,2.6569513536128304,500.0,0.0
41940.0,323.15,331.85881225723716,2.644989166553925,500.0,0.0
42000.0,323.15,332.135094359711,2.633035923386367,500.0,0.0
42060.0,323.15,332.41220869622117,2.6210916136998255,500.0,0.0
42120.0,323.15,332.690160367689,2.609156226918373,500.0,0.0
42180.0,323.15,332.96895554253143,2.5972297526765615,500.0,0.0
42240.0,323.15,333.2485990751108,2.5853121803509693,500.0,0.0
42300.0,323.15,333.5290961983206,2.5734034993931405,500.0,0.0
42360.0,323.15,333.8104524564673,2.5615036992336195,500.0,0.0
42420.0,323.15,334.0926742853158,2.549612769217335,500.0,0.0
42480.0,323.15,334.37576660494364,2.53773069883407,500.0,0.0
42540.0,323.15,334.65973489507456,2.525857477519759,500.0,0.0
42600.0,323.15,334.94458535404254,2.5139930946250058,500.0,0.0
42660.0,323.15,335.23032417650955,2.502137539500497,500.0,0.0
42720.0,323.15,335.5169566514016,2.4902908016037006,500.0,0.0
42780.0,323.15,335.80448848689053,2.4784528703421413,500.0,0.0
42840.0,323.15,336.092926126902,2.4666237350327704,500.0,0.0
42900.0,323.15,336.38227530142825,2.4548033850796767,500.0,0.0
42960.0,323.15,336.6725429983206,2.4429918097363963,500.0,0.0
43020.0,323.15,336.9637352882651,2.431188998365199,500.0,0.0
43080.0,323.15,337.25585840641037,2.419394940308328,500.0,0.0
43140.0,323.15,337.5489185422709,2.407609624912659,500.0,0.0
43178.76486495701,323.15,337.7387601776622,2.3999999995199244,500.0,0.0
43178.76486495701,323.15,337.7387601776622,2.3999999995199244,500.0,1450.0
43178.764889467464,323.15,337.73876017548224,2.400000000480009,500.0,1450.0
43178.764889467464,323.15,337.73876017548224,2.400000000480009,500.0,1450.0
43200.0,323.15,337.72530708965445,2.401390872589608,500.0,1450.0
43260.0,323.15,337.68757117246713,2.4065305289337813,500.0,1450.0
43320.0,323.15,337.65021765923046,2.4116672344331453,500.0,1450.0
43380.0,323.15,337.6132589335053,2.4168008515512134,500.0,1450.0
43440.0,323.15,337.5766893366992,2.42193138493258,500.0,1450.0
43500.0,323.15,337.540504783386,2.4270588350301443,500.0,1450.0
43560.0,323.15,337.50470028473336,2.432183202450866,500.0,1450.0
43620.0,323.15,337.46927070650423,2.4373044878236443,500.0,1450.0
43680.0,323.15,337.434212453524,2.4424226916210188,500.0,1450.0
43740.0,323.15,337.39952066109123,2.4475378144774433,500.0,1450.0
43800.0,323.15,337.3651908016496,2.452649857013158,500.0,1450.0
43860.0,323.15,337.3312179482206,2.457758819915344,500.0,1450.0
43920.0,323.15,337.2975975479192,2.462864703830769,500.0,1450.0
43980.0,323.15,337.2643248400021,2.4679675095526936,500.0,1450.0
44040.0,323.15,337.23139516994814,2.4730672377367857,500.0,1450.0
44100.0,323.15,337.198804941727,2.478163889263541,500.0,1450.0
44160.0,323.15,337.1665495404797,2.483257464842195,500.0,1450.0
44220.0,323.15,337.1346246305182,2.4883479652289333,500.0,1450.0
44280.0,323.15,337.103026512927,2.4934353912299025,500.0,1450.0
44340.0,323.15,337.07175108217353,2.498519743619357,500.0,1450.0
44400.0,323.15,337.0407940698546,2.5036010231587826,500.0,1450.0
44460.0,323.15,337.01015167318343,2.508679230724732,500.0,1450.0
44520.0,323.15,336.9798202537235,2.513754367245269,500.0,1450.0
44580.0,323.15,336.9497956013926,2.518826433469408,500.0,1450.0
44640.0,323.15,336.92007389060865,2.52389543025333,500.0,1450.0
44700.0,323.15,336.8906520611503,2.5289613586259185,500.0,1450.0
44760.0,323.15,336.86152595474977,2.534024219368326,500.0,1450.0
44820.0,323.15,336.83269179225243,2.539084013347261,500.0,1450.0
44880.0,323.15,336.8041466077578,2.5441407416777455,500.0,1450.0
44940.0,323.15,336.7758865703351,2.5491944052107276,500.0,1450.0
45000.0,323.15,336.7479080213422,2.554245004849776,500.0,1450.0
45060.0,323.15,336.7202076721093,2.5592925415967276,500.0,1450.0
45120.0,323.15,336.6927822422984,2.5643370164556,500.0,1450.0
45180.0,323.15,336.66562826416504,2.5693784303817995,500.0,1450.0
45240.0,323.15,336.6387425132173,2.5744167843959502,500.0,1450.0
45300.0,323.15,336.61212200653864,2.5794520795857157,500.0,1450.0
45360.0,323.15,336.5857635540595,2.5844843169796574,500.0,1450.0
45420.0,323.15,336.5596641079608,2.58951349764577,500.0,1450.0
45480.0,323.15,336.5338203007994,2.594539622567262,500.0,1450.0
45540.0,323.15,336.50822921043465,2.5995626928458164,500.0,1450.0
45600.0,323.15,336.48288782155606,2.6045827095585072,500.0,1450.0
45660.0,323.15,336.45779336339825,2.6095996738446097,500.0,1450.0
45720.0,323.15,336.4329429960149,2.6146135868266667,500.0,1450.0
45780.0,323.15,336.40833390677204,2.6196244496347636,500.0,1450.0
45840.0,323.15,336.38396325218736,2.624632263391034,500.0,1450.0
45900.0,323.15,336.3598281048764,2.6296370291947153,500.0,1450.0
45960.0,323.15,336.3359256374359,2.6346387481691016,500.0,1450.0
46020.0,323.15,336.1067996263151,2.6393429555626056,0.0,1450.0
46080.0,323.15,335.7408250301207,2.643846617234736,0.0,1450.0
46140.0,323.15,335.3783456223187,2.6483506264444006,0.0,1450.0
46200.0,323.15,335.0193211802236,2.652854937187029,0.0,1450.0
46260.0,323.15,334.6637125341021,2.6573595050007195,0.0,1450.0
46320.0,323.15,334.31148056672606,2.661864285527713,0.0,1450.0
46380.0,323.15,333.96258651445436,2.6663692349412202,0.0,1450.0
46440.0,323.15,333.61699234366546,2.670874310480386,0.0,1450.0
46500.0,323.15,333.2746604037465,2.6753794699494913,0.0,1450.0
46560.0,323.15,332.9355534739572,2.679884671784088,0.0,1450.0
46620.0,323.15,332.5996349389961,2.6843898752947988,0.0,1450.0
46680.0,323.15,332.26686866772746,2.6888950404915826,0.0,1450.0
46740.0,323.15,331.9372188159029,2.693400127804734,0.0,1450.0
46800.0,323.15,331.6106506756161,2.697905394482772,0.0,1450.0
46860.0,323.15,331.2872265020107,2.703939804202672,0.0,1450.0
46920.0,323.15,330.96698508712274,2.709973566966602,0.0,1450.0
46980.0,323.15,330.6498956548401,2.716006645249576,0.0,1450.0
47040.0,323.15,330.3359212451505,2.722039003639873,0.0,1450.0
47100.0,323.15,330.0250222721565,2.728070604349187,0.0,1450.0
47160.0,323.15,329.71715998328415,2.734101410540009,0.0,1450.0
47220.0,323.15,329.41229818015125,2.740131387989347,0.0,1450.0
47280.0,323.15,329.11040040081815,2.7461605022546167,0.0,1450.0
47340.0,323.15,328.8114297799613,2.7521887185545015,0.0,1450.0
47400.0,323.15,328.5153515375644,2.758216004352949,0.0,1450.0
47460.0,323.15,328.2221303587958,2.7642423265665617,0.0,1450.0
47520.0,323.15,327.9317318584297,2.7702676531686183,0.0,1450.0
47580.0,323.15,327.6441223045733,2.7762919528775707,0.0,1450.0
47640.0,323.15,327.3592679941849,2.7823151944542963,0.0,1450.0
47700.0,323.15,327.07713598574213,2.7883373475247955,0.0,1450.0
47760.0,323.15,326.7976938366848,2.7943583822757088,0.0,1450.0
47820.0,323.15,326.5209093520826,2.800378269180478,0.0,1450.0
47880.0,323.15,326.24675087776023,2.806396979323097,0.0,1450.0
47940.0,323.15,325.97518744549683,2.8124144845535852,0.0,1450.0
48000.0,323.15,325.70618837553394,2.8184307570558293,0.0,1450.0
48060.0,323.15,325.43972351110364,2.824445769596536,0.0,1450.0
48120.0,323.15,325.17576304278856,2.830459495306515,0.0,1450.0
48180.0,323.15,324.91427776849713,2.836471908024342,0.0,1450.0
48240.0,323.15,324.6552388201606,2.842482981945451,0.0,1450.0
48300.0,323.15,324.398617398779,2.848492691308607,0.0,1450.0
48315.05090684102,323.15,324.33462029791525,2.850000000570051,0.0,1450.0
48315.05090684102,323.15,324.33462029791525,2.850000000570051,0.0,0.0
48315.05091537826,323.15,324.33462028738467,2.8499999994299587,0.0,0.0
48315.05091537826,323.15,324.33462028738467,2.8499999994299587,0.0,0.0
48360.0,323.15,324.2956696393298,2.842717676277882,0.0,0.0
48420.0,323.15,324.2435934181572,2.8330015120218377,0.0,0.0
48480.0,323.15,324.19141917198664,2.823290737534411,0.0,0.0
48540.0,323.15,324.13914653480896,2.8135853488442084,0.0,0.0
48600.0,323.15,324.0867750283284,2.8038853429116974,0.0,0.0
48660.0,323.15,324.03430437491073,2.7941907180116163,0.0,0.0
48720.0,323.15,323.9817341425664,2.784501471452595,0.0,0.0
48780.0,323.15,323.9290637872485,2.774817599890679,0.0,0.0
48840.0,323.15,323.87629303279056,2.765139101673417,0.0,0.0
48900.0,323.15,323.8234213653837,2.755465973693242,0.0,0.0
48960.0,323.15,323.7704484238548,2.745798213765944,0.0,0.0
49020.0,323.15,323.71737366405495,2.7361358186837705,0.0,0.0
49080.0,323.15,323.66419666927226,2.7264787859329234,0.0,0.0
49140.0,323.15,323.6109169837287,2.7168271128026276,0.0,0.0
49200.0,323.15,323.5575340578095,2.7071807962233505,0.0,0.0
49260.0,323.15,323.50404745077066,2.6975398335350436,0.0,0.0
49320.0,323.15,323.45045667999017,2.687904221976868,0.0,0.0
49380.0,323.15,323.3967612427478,2.67827395886429,0.0,0.0
49440.0,323.15,323.3429606658007,2.6686490414008737,0.0,0.0
49500.0,323.15,323.2890544612266,2.6590294670248453,0.0,0.0
49560.0,323.15,323.235042137583,2.6494152333200827,0.0,0.0
49620.0,323.15,323.18092321183843,2.639806337522598,0.0,0.0
49680.0,323.15,323.126697197832,2.6302027769979044,0.0,0.0
49740.0,323.15,323.07236360940516,2.620604549111516,0.0,0.0
49800.0,323.15,323.01792196040077,2.6110116512289467,0.0,0.0
49860.0,323.15,322.9633716513204,2.601424080395543,0.0,0.0
49920.0,323.15,322.90871221228105,2.5918418340227802,0.0,0.0
49980.0,323.15,322.8539431631862,2.582264909493277,0.0,0.0
50040.0,323.15,322.79906400394094,2.5726933041331552,0.0,0.0
50100.0,323.15,322.7440742344524,2.563127015268538,0.0,0.0
50160.0,323.15,322.6889733462179,2.553566040243127,0.0,0.0
50220.0,323.15,322.63376078257426,2.544010376501275,0.0,0.0
50280.0,323.15,322.5784360225909,2.5344600213695325,0.0,0.0
50340.0,323.15,322.52299847510056,2.524914972251476,0.0,0.0
50400.0,323.15,322.4674475990942,2.5153674811002023,0.0,0.0
50460.0,323.15,322.41176127995703,2.5040784257156536,0.0,0.0
50520.0,323.15,322.3559229243495,2.492787020704073,0.0,0.0
50580.0,323.15,322.2999294621305,2.4815029764326395,0.0,0.0
50640.0,323.15,322.2437800687458,2.4702262897023135,0.0,0.0
50700.0,323.15,322.18747391211883,2.4589569568591116,0.0,0.0
50760.0,323.15,322.1310099814272,2.447694973522305,0.0,0.0
50820.0,323.15,322.0743872713685,2.4364403353961035,0.0,0.0
50880.0,323.15,322.01760478787145,2.4251930383346574,0.0,0.0
50940.0,323.15,321.9606616535387,2.4139530786600787,0.0,0.0
51000.0,323.15,321.9035568141314,2.40272045201323,0.0,0.0
51014.53741299201,323.15,321.88969639865974,2.3999999995198573,0.0,0.0
51014.53741299201,323.15,321.88969639865974,2.3999999995198573,0.0,1450.0
51014.5374319588,323.15,321.88969631629385,2.4000000004800386,0.0,1450.0
51014.5374319588,323.15,321.88969631629385,2.4000000004800386,0.0,1450.0
51060.0,323.15,321.6771728509163,2.4034200564927604,0.0,1450.0
51120.0,323.15,321.39923827186664,2.4079329050575766,0.0,1450.0
51180.0,323.15,321.1241840759697,2.4124447809514598,0.0,1450.0
51240.0,323.15,320.85197632528144,2.4169556568430575,0.0,1450.0
51300.0,323.15,320.582580427854,2.4214655050132743,0.0,1450.0
51360.0,323.15,320.31596040112294,2.4259742967307263,0.0,1450.0
51420.0,323.15,320.05208050245443,2.430482003594399,0.0,1450.0
51480.0,323.15,319.7909065537643,2.434988598588955,0.0,1450.0
51540.0,323.15,319.53240571273494,2.439494055881656,0.0,1450.0
51600.0,323.15,319.2765458625175,2.443998350334545,0.0,1450.0
51660.0,323.15,319.02329417340576,2.4485014562735006,0.0,1450.0
51720.0,323.15,318.77261916306514,2.453003349251415,0.0,1450.0
51780.0,323.15,318.5244892716967,2.4575040048283125,0.0,1450.0
51840.0,323.15,318.27887286159074,2.462003398569,0.0,1450.0
51900.0,323.15,318.0357398065908,2.466501507391142,0.0,1450.0
51960.0,323.15,317.79505997234577,2.4709983082728058,0.0,1450.0
52020.0,323.15,317.55680326824057,2.4754937782847004,0.0,1450.0
52080.0,323.15,317.32094071067576,2.4799878954990975,0.0,1450.0
52140.0,323.15,317.0874435390637,2.484480638235562,0.0,1450.0
52200.0,323.15,316.8562830223995,2.488971984889185,0.0,1450.0
52260.0,323.15,316.6274312732506,2.4934619146255437,0.0,1450.0
52320.0,323.15,316.40086072109597,2.497950406930419,0.0,1450.0
52380.0,323.15,316.17654389481146,2.5024374414205095,0.0,1450.0
52440.0,323.15,315.9544539855461,2.506922998322377,0.0,1450.0
52500.0,323.15,315.734564554466,2.5114070582218466,0.0,1450.0
52560.0,323.15,315.51684932126744,2.5158896018809527,0.0,1450.0
52620.0,323.15,315.3012825472719,2.5203706105635244,0.0,1450.0
52680.0,323.15,315.08783887542603,2.5248500658964317,0.0,1450.0
52740.0,323.15,314.8764931450235,2.5293279497103596,0.0,1450.0
52800.0,323.15,314.66722065562413,2.533804244263681,0.0,1450.0
52860.0,323.15,314.459997075796,2.5382789321614814,0.0,1450.0
52920.0,323.15,314.2547982964649,2.5427519962277407,0.0,1450.0
52980.0,323.15,314.0516005819416,2.5472234196386463,0.0,1450.0
53040.0,323.15,313.85038051430985,2.5516931858715877,0.0,1450.0
53100.0,323.15,313.65111508018816,2.556161278771197,0.0,1450.0
53160.0,323.15,313.4537815314174,2.56062768244595,0.0,1450.0
53220.0,323.15,313.25835746966874,2.5650923813286206,0.0,1450.0
53280.0,323.15,313.06482069743134,2.5695553600197387,0.0,1450.0
53340.0,323.15,312.8731494666882,2.574016603561211,0.0,1450.0
53400.0,323.15,312.6833222989572,2.578476097240086,0.0,1450.0
53460.0,323.15,312.4953173710242,2.582933825988936,0.0,1450.0
53520.0,323.15,312.4186715898135,2.587497305110441,500.0,1450.0
53580.0,323.15,312.58097130881487,2.592293250094061,500.0,1450.0
53640.0,323.15,312.74172157167703,2.5970863765463403,500.0,1450.0
53700.0,323.15,312.9009398953886,2.6018766780662275,500.0,1450.0
53760.0,323.15,313.0586437707613,2.6066641486882474,500.0,1450.0
53820.0,323.15,313.2148502786544,2.6114487826748496,500.0,1450.0
53880.0,323.15,313.3695764409949,2.6162305743467433,500.0,1450.0
53940.0,323.15,313.52283906746635,2.621009518222804,500.0,1450.0
54000.0,323.15,313.67465479831657,2.625793704395664,500.0,1450.0
54060.0,323.15,313.82499461156846,2.63208799896839,500.0,1450.0
54120.0,323.15,313.97383763634133,2.6383790079021656,500.0,1450.0
54180.0,323.15,314.12119943736394,2.6446667222604447,500.0,1450.0
54240.0,323.15,314.2670977755445,2.650951137460513,500.0,1450.0
54300.0,323.15,314.41155128595693,2.657232248799215,500.0,1450.0
54360.0,323.15,314.5545777293607,2.6635100519812593,500.0,1450.0
54420.0,323.15,314.6961947223676,2.6697845427807554,500.0,1450.0
54480.0,323.15,314.8364196943997,2.6760557170577877,500.0,1450.0
54540.0,323.15,314.97526937770164,2.682323571083,500.0,1450.0
54600.0,323.15,315.11276070544756,2.688588101018,500.0,1450.0
54660.0,323.15,315.2489099340684,2.694849303446464,500.0,1450.0
54720.0,323.15,315.3837334142176,2.701107174896794,500.0,1450.0
54780.0,323.15,315.5172471574345,2.707361712111988,500.0,1450.0
54840.0,323.15,315.6494668668932,2.713612912016577,500.0,1450.0
54900.0,323.15,315.78040817825837,2.719860771578778,500.0,1450.0
54960.0,323.15,315.91008646012216,2.7261052879303995,500.0,1450.0
55020.0,323.15,316.03851675760535,2.7323464583927217,500.0,1450.0
55080.0,323.15,316.16571390241364,2.7385842804178733,500.0,1450.0
55140.0,323.15,316.2916925338357,2.744818751577636,500.0,1450.0
55200.0,323.15,316.41646712674896,2.7510498695182104,500.0,1450.0
55260.0,323.15,316.54005204613253,2.757277631920852,500.0,1450.0
55320.0,323.15,316.66246125707056,2.7635020367493084,500.0,1450.0
55380.0,323.15,316.7837085946947,2.7697230820177405,500.0,1450.0
55440.0,323.15,316.9038078140167,2.7759407657347697,500.0,1450.0
55500.0,323.15,317.0227723199387,2.7821550861645092,500.0,1450.0
55560.0,323.15,317.1406153627815,2.7883660416375045,500.0,1450.0
55620.0,323.15,317.2573501245583,2.7945736304763584,500.0,1450.0
55680.0,323.15,317.372989494484,2.800777851197657,500.0,1450.0
55740.0,323.15,317.4875461729653,2.806978702418415,500.0,1450.0
55800.0,323.15,317.6010327473145,2.8131761827894013,500.0,1450.0
55860.0,323.15,317.7134616343828,2.819370291045752,500.0,1450.0
55920.0,323.15,317.82484500233085,2.8255610260756163,500.0,1450.0
55980.0,323.15,317.93519488596854,2.8317483868197457,500.0,1450.0
56040.0,323.15,318.044523216169,2.837932372247959,500.0,1450.0
56100.0,323.15,318.15284168026363,2.844112981476101,500.0,1450.0
56157.180399953846,323.15,318.25514068669855,2.850000000570068,500.0,1450.0
56157.180399953846,323.15,318.25514068669855,2.850000000570068,500.0,0.0
56157.18040862237,323.15,318.25514072385255,2.8499999994299228,500.0,0.0
56157.18040862237,323.15,318.25514072385255,2.8499999994299228,500.0,0.0
56160.0,323.15,318.2680737528943,2.8495498628539733,500.0,0.0
56220.0,323.15,318.54356491496293,2.8399743966694,500.0,0.0
56280.0,323.15,318.81959321351957,2.830405223363474,500.0,0.0
56340.0,323.15,319.09616432321144,2.820842373470655,500.0,0.0
56400.0,323.15,319.37328034465753,2.811285837648189,500.0,0.0
56460.0,323.15,319.65094339124863,2.801735606454886,500.0,0.0
56520.0,323.15,319.92915571066163,2.7921916699225697,500.0,0.0
56580.0,323.15,320.2079196531237,2.782654017718905,500.0,0.0
56640.0,323.15,320.48723759567264,2.7731226394673247,500.0,0.0
56700.0,323.15,320.76711200662004,2.763597524517554,500.0,0.0
56760.0,323.15,321.04754526813787,2.754078663002882,500.0,0.0
56820.0,323.15,321.328539788785,2.744566044664722,500.0,0.0
56880.0,323.15,321.61009797516823,2.7350596593403242,500.0,0.0
56940.0,323.15,321.8922222444999,2.7255594971180583,500.0,0.0
57000.0,323.15,322.174914998887,2.7160655477991,500.0,0.0
57060.0,323.15,322.45817865813655,2.7065778013121378,500.0,0.0
57120.0,323.15,322.7420158455761,2.6970962480956664,500.0,0.0
57180.0,323.15,323.0264289312681,2.6876208779618285,500.0,0.0
57240.0,323.15,323.31142036496504,2.678151680924643,500.0,0.0
57300.0,323.15,323.5969926565214,2.6686886470535565,500.0,0.0
57360.0,323.15,323.88314859308304,2.6592317666689116,500.0,0.0
57420.0,323.15,324.16989052291007,2.6497810296974778,500.0,0.0
57480.0,323.15,324.4572209531414,2.6403364262103914,500.0,0.0
57540.0,323.15,324.74514244105984,2.6308979463199433,500.0,0.0
57600.0,323.15,325.0336577012884,2.6214600074678436,500.0,0.0
57660.0,323.15,325.3228837154963,2.6100083596816828,500.0,0.0
57720.0,323.15,325.6129335198164,2.598565175103595,500.0,0.0
57780.0,323.15,325.9038137064636,2.5871304610003643,500.0,0.0
57840.0,323.15,326.1955286760755,2.5757042074329486,500.0,0.0
57900.0,323.15,326.48808376502376,2.564286402609974,500.0,0.0
57960.0,323.15,326.78148388843914,2.5528770358002815,500.0,0.0
58020.0,323.15,327.07573372343626,2.5414760968893404,500.0,0.0
58080.0,323.15,327.37083840166446,2.5300835749121724,500.0,0.0
58140.0,323.15,327.6668031394817,2.5186994588091562,500.0,0.0
58200.0,323.15,327.96363352212853,2.507323736762666,500.0,0.0
58260.0,323.15,328.26133528560484,2.4959563969567546,500.0,0.0
58320.0,323.15,328.5599140969113,2.4845974275911376,500.0,0.0
58380.0,323.15,328.85937560245435,2.4732468174227513,500.0,0.0
58440.0,323.15,329.1597254534559,2.4619045548880862,500.0,0.0
58500.0,323.15,329.4609693057104,2.450570629505521,500.0,0.0
58560.0,323.15,329.7631128117103,2.439245029996843,500.0,0.0
58620.0,323.15,330.0661616215063,2.427927745282484,500.0,0.0
58680.0,323.15,330.3701215560928,2.416618764092774,500.0,0.0
58740.0,323.15,330.6749990088114,2.405318074529237,500.0,0.0
58768.25107130372,323.15,330.8188701790221,2.3999999995199826,500.0,0.0
58768.25107130372,323.15,330.8188701790221,2.3999999995199826,500.0,1450.0
58768.25109192081,323.15,330.8188701962652,2.4000000004800754,500.0,1450.0
58768.25109192081,323.15,330.8188701962652,2.4000000004800754,500.0,1450.0
58800.0,323.15,330.8298614703269,2.402333592113007,500.0,1450.0
58860.0,323.15,330.8504819176431,2.4067415722904824,500.0,1450.0
58920.0,323.15,330.87089313893927,2.4111466056279864,500.0,1450.0
58980.0,323.15,330.8910962711083,2.415548669787456,500.0,1450.0
59040.0,323.15,330.9110935436017,2.4199477666976437,500.0,1450.0
59100.0,323.15,330.9308870870137,2.424343898369232,500.0,1450.0
59160.0,323.15,330.95047940030935,2.4287370671959576,500.0,1450.0
59220.0,323.15,330.9698727441358,2.433127275352934,500.0,1450.0
59280.0,323.15,330.98906956322645,2.437514525232901,500.0,1450.0
59340.0,323.15,331.00807185440095,2.441898818783642,500.0,1450.0
59400.0,323.15,331.02688219035036,2.446280158570821,500.0,1450.0
59460.0,323.15,331.045502887228,2.450658546873831,500.0,1450.0
59520.0,323.15,331.0639363134864,2.455033986107372,500.0,1450.0
59580.0,323.15,331.0821848677104,2.459406478745237,500.0,1450.0
59640.0,323.15,331.10025082491865,2.46377602711156,500.0,1450.0
59700.0,323.15,331.1181360902297,2.4681426334334122,500.0,1450.0
59760.0,323.15,331.1358430027403,2.4725063000963092,500.0,1450.0
59820.0,323.15,331.15337371613504,2.4768670294067374,500.0,1450.0
59880.0,323.15,331.1707299822754,2.4812248234432195,500.0,1450.0
59940.0,323.15,331.1879140625793,2.485579684573384,500.0,1450.0
60000.0,323.15,331.20492803971393,2.489931615071297,500.0,1450.0
60060.0,323.15,331.221773756666,2.494280617238752,500.0,1450.0
60120.0,323.15,331.23845334848653,2.4986266933437506,500.0,1450.0
60180.0,323.15,331.25496885598676,2.502969845665196,500.0,1450.0
60240.0,323.15,331.27132182886334,2.507310076327576,500.0,1450.0
60300.0,323.15,331.2875143653807,2.5116473876278675,500.0,1450.0
60360.0,323.15,331.30354841165473,2.515981781815214,500.0,1450.0
60420.0,323.15,331.319425633855,2.5203132611429537,500.0,1450.0
60480.0,323.15,331.3351479520573,2.5246418278576375,500.0,1450.0
60540.0,323.15,331.3507172612987,2.5289674842064827,500.0,1450.0
60600.0,323.15,331.36613524550165,2.5332902323914457,500.0,1450.0
60660.0,323.15,331.38140366207205,2.537610074632579,500.0,1450.0
60720.0,323.15,331.39652428650703,2.541927013154393,500.0,1450.0
60780.0,323.15,331.41149876846447,2.5462410501688515,500.0,1450.0
60840.0,323.15,331.426328811112,2.550552187894329,500.0,1450.0
60900.0,323.15,331.338775423859,2.55472656368845,0.0,1450.0
60960.0,323.15,330.99936774462554,2.558567593822979,0.0,1450.0
61020.0,323.15,330.6632093588384,2.5624088075988047,0.0,1450.0
61080.0,323.15,330.3302634568932,2.566250165007856,0.0,1450.0
61140.0,323.15,330.0004937998638,2.5700916268455196,0.0,1450.0
61200.0,323.15,329.67386432548705,2.573929560243416,0.0,1450.0
61260.0,323.15,329.35023744296524,2.576082928911137,0.0,1450.0
61320.0,323.15,329.02946478072585,2.5781714026927567,0.0,1450.0
61380.0,323.15,328.71151935533356,2.5802610317970087,0.0,1450.0
61440.0,323.15,328.3963729797951,2.5823515140604343,0.0,1450.0
61500.0,323.15,328.0839977080006,2.5844428467073848,0.0,1450.0
61560.0,323.15,327.7743665062098,2.586535036227523,0.0,1450.0
61620.0,323.15,327.4674522225741,2.5886280345068746,0.0,1450.0
61680.0,323.15,327.1632283051983,2.590721805360657,0.0,1450.0
61740.0,323.15,326.861668390444,2.5928163143575196,0.0,1450.0
61800.0,323.15,326.5627464139324,2.5949115283436632,0.0,1450.0
61860.0,323.15,326.2664365721029,2.597007415417939,0.0,1450.0
61920.0,323.15,325.97271335358454,2.5991039441899675,0.0,1450.0
61980.0,323.15,325.6815514926075,2.601201084038368,0.0,1450.0
62040.0,323.15,325.3929260592491,2.6032988053521975,0.0,1450.0
62100.0,323.15,325.1068123793406,2.6053970789549057,0.0,1450.0
62160.0,323.15,324.8231860663049,2.6074958756275994,0.0,1450.0
62220.0,323.15,324.54202299717616,2.6095951670094237,0.0,1450.0
62280.0,323.15,324.26329919511903,2.6116949238255436,0.0,1450.0
62340.0,323.15,323.9869910294313,2.613795117908385,0.0,1450.0
62400.0,323.15,323.7130750961672,2.615895721074636,0.0,1450.0
62460.0,323.15,323.4415282610004,2.6179967057863536,0.0,1450.0
62520.0,323.15,323.172327772359,2.62009804796571,0.0,1450.0
62580.0,323.15,322.90545099329773,2.6221997203052396,0.0,1450.0
62640.0,323.15,322.6408756026154,2.6243016972763957,0.0,1450.0
62700.0,323.15,322.37857931323555,2.62640395283395,0.0,1450.0
62760.0,323.15,322.1185402012093,2.628506461870587,0.0,1450.0
62820.0,323.15,321.86073665517875,2.6306091999924757,0.0,1450.0
62880.0,323.15,321.6051472324676,2.6327121429069336,0.0,1450.0
62940.0,323.15,321.3517506698881,2.634815266503229,0.0,1450.0
63000.0,323.15,321.1005260336281,2.636918547379718,0.0,1450.0
63060.0,323.15,320.8514525956828,2.6390219624081785,0.0,1450.0
63120.0,323.15,320.60450968966273,2.64112548835179,0.0,1450.0
63180.0,323.15,320.35967703477803,2.643229102774218,0.0,1450.0
63240.0,323.15,320.1169345479332,2.6453327835116793,0.0,1450.0
63300.0,323.15,319.87626231349117,2.6474365086630467,0.0,1450.0
63360.0,323.15,319.63764060953844,2.6495402566384145,0.0,1450.0
63420.0,323.15,319.40105000488535,2.6516440062823246,0.0,1450.0
63480.0,323.15,319.16647125029823,2.653747736729822,0.0,1450.0
63540.0,323.15,318.93388517264106,2.6558514271897242,0.0,1450.0
63600.0,323.15,318.70327296613283,2.6579550574922775,0.0,1450.0
63660.0,323.15,318.47461598355125,2.6600586076961585,0.0,1450.0
63720.0,323.15,318.2478957334635,2.662162058092829,0.0,1450.0
63780.0,323.15,318.0230939294274,2.6642653892900263,0.0,1450.0
63840.0,323.15,317.8001925103127,2.666368582246146,0.0,1450.0
63900.0,323.15,317.57917358273033,2.66847161816534,0.0,1450.0
63960.0,323.15,317.36001939788224,2.670574478435618,0.0,1450.0
64020.0,323.15,317.14271243581726,2.672677144825772,0.0,1450.0
64080.0,323.15,316.92723533693726,2.6747795993271657,0.0,1450.0
64140.0,323.15,316.71357097176343,2.6768818242886967,0.0,1450.0
64200.0,323.15,316.5017023556557,2.6789838022605297,0.0,1450.0
64260.0,323.15,316.2916126806712,2.681085516051696,0.0,1450.0
64320.0,323.15,316.16148570529225,2.6832725123772856,500.0,1450.0
64380.0,323.15,316.2901651406474,2.6857414529635126,500.0,1450.0
64440.0,323.15,316.41777262039085,2.688208588608872,500.0,1450.0
64500.0,323.15,316.5443126343468,2.6906739107814794,500.0,1450.0
64560.0,323.15,316.6697927733722,2.6931374145008022,500.0,1450.0
64620.0,323.15,316.79422404239205,2.6955990987359053,500.0,1450.0
64680.0,323.15,316.9176163186964,2.698058961537243,500.0,1450.0
64740.0,323.15,317.0399795431303,2.7005170010362063,500.0,1450.0
64800.0,323.15,317.16132351243385,2.702985923668078,500.0,1450.0
64860.0,323.15,317.28164070973315,2.706186664930058,500.0,1450.0
64920.0,323.15,317.4009248797458,2.7093936746990313,500.0,1450.0
64980.0,323.15,317.5191856434944,2.712598312980008,500.0,1450.0
65040.0,323.15,317.63643252622416,2.715800664964866,500.0,1450.0
65100.0,323.15,317.7526751417386,2.7190007404297063,500.0,1450.0
65160.0,323.15,317.86792355606,2.722198548167215,500.0,1450.0
65220.0,323.15,317.98218786181764,2.7253940874075187,500.0,1450.0
65280.0,323.15,318.0954776844704,2.728587353201897,500.0,1450.0
65340.0,323.15,318.2078021324897,2.7317783418905965,500.0,1450.0
65400.0,323.15,318.31917060072425,2.734967050960021,500.0,1450.0
65460.0,323.15,318.42959261177333,2.7381534816142277,500.0,1450.0
65520.0,323.15,318.53907726124106,2.7413376322761973,500.0,1450.0
65580.0,323.15,318.6476335233843,2.744519502965042,500.0,1450.0
65640.0,323.15,318.75527036239083,2.747699092654208,500.0,1450.0
65700.0,323.15,318.8619967190836,2.750876400628758,500.0,1450.0
65760.0,323.15,318.9678212289845,2.7540514264343416,500.0,1450.0
65820.0,323.15,319.07275269168855,2.75722416945455,500.0,1450.0
65880.0,323.15,319.17679957666127,2.7603946291605843,500.0,1450.0
65940.0,323.15,319.2799704777993,2.7635628050484047,500.0,1450.0
66000.0,323.15,319.3822737229843,2.7667286967603215,500.0,1450.0
66060.0,323.15,319.48371766949145,2.7698923039195305,500.0,1450.0
66120.0,323.15,319.584310557347,2.7730536262252463,500.0,1450.0
66180.0,323.15,319.68406044738055,2.7762126633700084,500.0,1450.0
66240.0,323.15,319.78297539249087,2.7793694151530377,500.0,1450.0
66300.0,323.15,319.88106332349145,2.7825238814046838,500.0,1450.0
66360.0,323.15,319.97833209561753,2.7856760620217194,500.0,1450.0
66420.0,323.15,320.0747894857603,2.7888259569648723,500.0,1450.0
66480.0,323.15,320.1704431475161,2.791973566218663,500.0,1450.0
66540.0,323.15,320.2653006553456,2.7951188898308703,500.0,1450.0
66600.0,323.15,320.3593696345792,2.79826192789977,500.0,1450.0
66660.0,323.15,320.45265748733544,2.801402680577312,500.0,1450.0
66720.0,323.15,320.5451715672444,2.8045411480670968,500.0,1450.0
66780.0,323.15,320.63691918825333,2.807677330590335,500.0,1450.0
66840.0,323.15,320.7279076300703,2.810811228376473,500.0,1450.0
66900.0,323.15,320.8181440134222,2.813942841775633,500.0,1450.0
66960.0,323.15,320.9076354144111,2.8170721711555275,500.0,1450.0
67020.0,323.15,320.9963888490228,2.8201992168157592,500.0,1450.0
67080.0,323.15,321.0844112443095,2.823323979193691,500.0,1450.0
67140.0,323.15,321.171709454034,2.8264464587526668,500.0,1450.0
67200.0,323.15,321.2582902593119,2.829566655962568,500.0,1450.0
67260.0,323.15,321.3441603683686,2.8326845712877513,500.0,1450.0
67320.0,323.15,321.4293264114711,2.835800205291475,500.0,1450.0
67380.0,323.15,321.5137949452649,2.8389135585464667,500.0,1450.0
67440.0,323.15,321.59757245160966,2.842024631658882,500.0,1450.0
67500.0,323.15,321.68066533757866,2.845133425268301,500.0,1450.0
67560.0,323.15,321.76307993545555,2.8482399400477294,500.0,1450.0
67594.01379010794,323.15,321.8095016128578,2.850000000570009,500.0,1450.0
67594.01379010794,323.15,321.8095016128578,2.850000000570009,500.0,0.0
67594.01379667118,323.15,321.80950163951223,2.8499999994299205,500.0,0.0
67594.01379667118,323.15,321.80950163951223,2.8499999994299205,500.0,0.0
67620.0,323.15,321.9266010442721,2.8445276296449515,500.0,0.0
67680.0,323.15,322.19756049330607,2.831899511455503,500.0,0.0
67740.0,323.15,322.46934551644307,2.8192813748718457,500.0,0.0
67800.0,323.15,322.74196125948407,2.806673208566106,500.0,0.0
67860.0,323.15,323.01541245702566,2.7940750019331233,500.0,0.0
67920.0,323.15,323.2897043136002,2.7814867433364796,500.0,0.0
67980.0,323.15,323.56484228606934,2.7689084206859707,500.0,0.0
68040.0,323.15,323.8408319052889,2.756340021806372,500.0,0.0
68100.0,323.15,324.1176789593674,2.7437815340990253,500.0,0.0
68160.0,323.15,324.3953891339076,2.731232945416214,500.0,0.0
68220.0,323.15,324.67396807267795,2.718694243898605,500.0,0.0
68280.0,323.15,324.95342140301835,2.7061654179676786,500.0,0.0
68340.0,323.15,325.2337547766835,2.6936464557538486,500.0,0.0
68400.0,323.15,325.51497420200116,2.681114372174606,500.0,0.0
68460.0,323.15,325.7972075776357,2.666362364228369,500.0,0.0
68520.0,323.15,326.0805787260485,2.6516235786348634,500.0,0.0
68580.0,323.15,326.36509782210595,2.6368980146894634,500.0,0.0
68640.0,323.15,326.6507744049325,2.622185657471629,500.0,0.0
68700.0,323.15,326.93761790415425,2.6074864924014514,500.0,0.0
68760.0,323.15,327.2256373471469,2.5928005057011307,500.0,0.0
68820.0,323.15,327.51484233116963,2.5781276828967403,500.0,0.0
68880.0,323.15,327.8052433861787,2.5634680082694015,500.0,0.0
68940.0,323.15,328.096851033821,2.548821466293023,500.0,0.0
69000.0,323.15,328.3896762368956,2.5341880409879445,500.0,0.0
69060.0,323.15,328.68372974018445,2.519567717091407,500.0,0.0
69120.0,323.15,328.9790223334381,2.5049604795699043,500.0,0.0
69180.0,323.15,329.27556482576864,2.490366313717971,500.0,0.0
69240.0,323.15,329.57336800945706,2.4757852044907662,500.0,0.0
69300.0,323.15,329.8724434307573,2.461217136342593,500.0,0.0
69360.0,323.15,330.17280238453355,2.4466620939229258,500.0,0.0
69420.0,323.15,330.4744557997862,2.432120062166829,500.0,0.0
69480.0,323.15,330.777415866956,2.417591025949979,500.0,0.0
69540.0,323.15,331.08169426968317,2.4030749701061116,500.0,0.0
69552.71682737055,323.15,331.14635557174057,2.3999999995199515,500.0,0.0
69552.71682737055,323.15,331.14635557174057,2.3999999995199515,500.0,1450.0
69552.71690362217,323.15,331.14635560491917,2.4000000004800266,500.0,1450.0
69552.71690362217,323.15,331.14635560491917,2.4000000004800266,500.0,1450.0
69600.0,323.15,331.1605372031882,2.4009417037478786,500.0,1450.0
69660.0,323.15,331.1783908630003,2.402135754713592,500.0,1450.0
69720.0,323.15,331.1960852136519,2.4033287593333608,500.0,1450.0
69780.0,323.15,331.2136215078612,2.4045207184108865,500.0,1450.0
69840.0,323.15,331.23100120510645,2.405711633042507,500.0,1450.0
69900.0,323.15,331.2482257006589,2.4069015043241415,500.0,1450.0
69960.0,323.15,331.2652964126376,2.408090333397247,500.0,1450.0
70020.0,323.15,331.2822146512131,2.409278121314872,500.0,1450.0
70080.0,323.15,331.2989819884987,2.4104648693521904,500.0,1450.0
70140.0,323.15,331.31559983989933,2.41165057865406,500.0,1450.0
70200.0,323.15,331.3320697283103,2.4128352504939294,500.0,1450.0
70260.0,323.15,331.348393108635,2.414018886059486,500.0,1450.0
70320.0,323.15,331.36457134449296,2.415201486526792,500.0,1450.0
70380.0,323.15,331.3538520041978,2.416349943314561,0.0,1450.0
70440.0,323.15,330.994746132255,2.4170659986591785,0.0,1450.0
70500.0,323.15,330.6388184271521,2.4177843901904184,0.0,1450.0
70560.0,323.15,330.286039255513,2.4185050750409838,0.0,1450.0
70620.0,323.15,329.93637913004324,2.419228010834373,0.0,1450.0
70680.0,323.15,329.58980892902144,2.419953155984548,0.0,1450.0
70740.0,323.15,329.2462996654619,2.420680469223551,0.0,1450.0
70800.0,323.15,328.9058226132311,2.4214099098541384,0.0,1450.0
70860.0,323.15,328.56834950886736,2.4221414381635853,0.0,1450.0
70920.0,323.15,328.2338522659268,2.4228750148244242,0.0,1450.0
70980.0,323.15,327.9023030921406,2.4236106011368843,0.0,1450.0
71040.0,323.15,327.5736744309838,2.42434815890521,0.0,1450.0
71100.0,323.15,327.2479390354728,2.4250876505830514,0.0,1450.0
71160.0,323.15,326.9250699472662,2.425829039221931,0.0,1450.0
71220.0,323.15,326.60504038335824,2.4265722882488587,0.0,1450.0
71280.0,323.15,326.2878239118516,2.4273173618113733,0.0,1450.0
71340.0,323.15,325.97339441135824,2.428064224696374,0.0,1450.0
71400.0,323.15,325.66172599139117,2.428812842175639,0.0,1450.0
71460.0,323.15,325.3527930021767,2.4295631799735498,0.0,1450.0
71520.0,323.15,325.0465701180678,2.430315204510788,0.0,1450.0
71580.0,323.15,324.74303222478665,2.4310688826150955,0.0,1450.0
71640.0,323.15,324.4421543522837,2.431824181370286,0.0,1450.0
71700.0,323.15,324.14391191679005,2.432581068677998,0.0,1450.0
71760.0,323.15,323.8482804493431,2.433339512620673,0.0,1450.0
71820.0,323.15,323.5552357345102,2.434099481788811,0.0,1450.0
71880.0,323.15,323.2647538275549,2.4348609453195755,0.0,1450.0
71940.0,323.15,322.9768109613345,2.4356238726502024,0.0,1450.0
72000.0,323.15,322.6913823722842,2.43635014059485,0.0,1450.0
72060.0,323.15,322.40842976102846,2.436868772520603,0.0,1450.0
72120.0,323.15,322.12791794280616,2.4373880916508406,0.0,1450.0
72180.0,323.15,321.8498250944197,2.437913507734767,0.0,1450.0
72240.0,323.15,321.57413022732686,2.438439640805838,0.0,1450.0
72300.0,323.15,321.3008116771595,2.4389659157730987,0.0,1450.0
72360.0,323.15,321.0298479289002,2.439493439196851,0.0,1450.0
72420.0,323.15,320.76121775720213,2.440022482219737,0.0,1450.0
72480.0,323.15,320.4949000648093,2.440553160198323,0.0,1450.0
72540.0,323.15,320.2308741329818,2.44108532910757,0.0,1450.0
72600.0,323.15,319.9691193235058,2.441618944880953,0.0,1450.0
72660.0,323.15,319.70961522920896,2.4421539179365883,0.0,1450.0
72720.0,323.15,319.4523416525281,2.4426902061312648,0.0,1450.0
72780.0,323.15,319.19727857051276,2.443227771146229,0.0,1450.0
72840.0,323.15,318.94440610311693,2.4437665858296542,0.0,1450.0
72900.0,323.15,318.69370457970484,2.4443066322868194,0.0,1450.0
72960.0,323.15,318.4451545989793,2.4448478750319302,0.0,1450.0
73020.0,323.15,318.19873688748675,2.445390308781681,0.0,1450.0
73080.0,323.15,317.9544323481735,2.4459339142991685,0.0,1450.0
73140.0,323.15,317.7122220257792,2.4464786611595932,0.0,1450.0
73200.0,323.15,317.4720872151274,2.4470245415668455,0.0,1450.0
73260.0,323.15,317.2340093428256,2.4475715282174906,0.0,1450.0
73320.0,323.15,316.9979700205998,2.448119596245598,0.0,1450.0
73380.0,323.15,316.76395105172236,2.448668726297928,0.0,1450.0
73440.0,323.15,316.53193436155397,2.449218895590906,0.0,1450.0
73500.0,323.15,316.301902089826,2.4497700807686,0.0,1450.0
73560.0,323.15,316.1220336994093,2.450370387973343,500.0,1450.0
73620.0,323.15,316.263259404807,2.4512911938959077,500.0,1450.0
73680.0,323.15,316.40327737189074,2.4522112723388867,500.0,1450.0
73740.0,323.15,316.542098686335,2.4531306197297478,500.0,1450.0
73800.0,323.15,316.67973391277684,2.454049232299785,500.0,1450.0
73860.0,323.15,316.81619355344645,2.454967106428738,500.0,1450.0
73920.0,323.15,316.95148794886137,2.4558842386243724,500.0,1450.0
73980.0,323.15,317.0856274458583,2.456800625420607,500.0,1450.0
74040.0,323.15,317.2186223211426,2.4577162634455334,500.0,1450.0
74100.0,323.15,317.3504826406465,2.4586311495491766,500.0,1450.0
74160.0,323.15,317.4812184784999,2.459545280578325,500.0,1450.0
74220.0,323.15,317.61083967985525,2.460458653637459,500.0,1450.0
74280.0,323.15,317.73935622679943,2.461371265676163,500.0,1450.0
74340.0,323.15,317.8667777604938,2.4622831140232124,500.0,1450.0
74400.0,323.15,317.99311404247425,2.4631941958710204,500.0,1450.0
74460.0,323.15,318.1183745920675,2.4641045086753666,500.0,1450.0
74520.0,323.15,318.24256896746243,2.465014049843653,500.0,1450.0
74580.0,323.15,318.3657065396906,2.465922816979534,500.0,1450.0
74640.0,323.15,318.48779667542743,2.4668308076913936,500.0,1450.0
74700.0,323.15,318.6088486270639,2.467738019704837,500.0,1450.0
74760.0,323.15,318.72887149639865,2.468644450891771,500.0,1450.0
74820.0,323.15,318.8478743645323,2.4695500991542723,500.0,1450.0
74880.0,323.15,318.9658662001785,2.4704549625065457,500.0,1450.0
74940.0,323.15,319.0828559014304,2.4713590390043394,500.0,1450.0
75000.0,323.15,319.1988522759487,2.4722623267966206,500.0,1450.0
75060.0,323.15,319.3138640302772,2.4731648241534328,500.0,1450.0
75120.0,323.15,319.4278997988188,2.4740665293989577,500.0,1450.0
75180.0,323.15,319.5409682443945,2.474967440752954,500.0,1450.0
75240.0,323.15,319.6530778171936,2.4758675567259627,500.0,1450.0
75300.0,323.15,319.76423693116413,2.4767668758300903,500.0,1450.0
75360.0,323.15,319.8744539705337,2.4776653965673825,500.0,1450.0
75420.0,323.15,319.9837372506136,2.478563117494787,500.0,1450.0
75480.0,323.15,320.09209496058423,2.479460037319015,500.0,1450.0
75540.0,323.15,320.19953524047656,2.480356154768752,500.0,1450.0
75600.0,323.15,320.30606622561044,2.4812704545236266,500.0,1450.0
75660.0,323.15,320.41164900790517,2.484377905807504,500.0,1450.0
75720.0,323.15,320.51624633253033,2.487495860594412,500.0,1450.0
75780.0,323.15,320.6198684030301,2.490611384058734,500.0,1450.0
75840.0,323.15,320.72252517929024,2.493724569131447,500.0,1450.0
75900.0,323.15,320.8242262224007,2.496835428787782,500.0,1450.0
75960.0,323.15,320.9249817539333,2.499943972312543,500.0,1450.0
76020.0,323.15,321.02480219564615,2.503050202615187,500.0,1450.0
76080.0,323.15,321.1236974046706,2.506154117631718,500.0,1450.0
76140.0,323.15,321.22167709849526,2.5092557132465374,500.0,1450.0
76200.0,323.15,321.318751023856,2.5123549904661435,500.0,1450.0
76260.0,323.15,321.41492878392654,2.5154519536622613,500.0,1450.0
76320.0,323.15,321.5102198817761,2.5185466015558586,500.0,1450.0
76380.0,323.15,321.60463324267477,2.5216389339109138,500.0,1450.0
76440.0,323.15,321.6981783275051,2.52472895135998,500.0,1450.0
76500.0,323.15,321.7908639417163,2.5278166544010356,500.0,1450.0
76560.0,323.15,321.88269931055396,2.5309020434342178,500.0,1450.0
76620.0,323.15,321.97369299466897,2.5339851190939213,500.0,1450.0
76680.0,323.15,322.0638540383449,2.5370658818334384,500.0,1450.0
76740.0,323.15,322.15319078380725,2.5401443324449855,500.0,1450.0
76800.0,323.15,322.2417120689112,2.543220471469073,500.0,1450.0
76860.0,323.15,322.3294261886845,2.546294299687175,500.0,1450.0
76920.0,323.15,322.41634154663285,2.5493658178347838,500.0,1450.0
76980.0,323.15,322.5024664367609,2.5524350266937748,500.0,1450.0
77040.0,323.15,322.58780904638064,2.5555019270912203,500.0,1450.0
77100.0,323.15,322.6723773941946,2.558566519911436,500.0,1450.0
77160.0,323.15,322.75617943036065,2.56162880607232,500.0,1450.0
77220.0,323.15,322.8392230345667,2.5646887865258154,500.0,1450.0
77280.0,323.15,322.92151596639536,2.5677464622696395,500.0,1450.0
77340.0,323.15,323.0030659161037,2.5708018342843997,500.0,1450.0
77400.0,323.15,323.08388048977275,2.573854903560992,500.0,1450.0
77460.0,323.15,323.16396714546596,2.5769056712183893,500.0,1450.0
77520.0,323.15,323.2433332654494,2.5799541383703914,500.0,1450.0
77580.0,323.15,323.3219861981801,2.5830003061113986,500.0,1450.0
77640.0,323.15,323.3999334017656,2.5860441753940453,500.0,1450.0
77700.0,323.15,323.47718193174256,2.589085747466092,500.0,1450.0
77760.0,323.15,323.55373887673255,2.592125023498842,500.0,1450.0
77820.0,323.15,323.62961124176894,2.5951620046880657,500.0,1450.0
77880.0,323.15,323.70480605030485,2.5981966922376785,500.0,1450.0
77940.0,323.15,323.77933011614033,2.60122908739623,500.0,1450.0
78000.0,323.15,323.85319021558183,2.604259191429363,500.0,1450.0
78060.0,323.15,323.92639304314633,2.607287005626899,500.0,1450.0
78120.0,323.15,323.9989452880214,2.6103125312873114,500.0,1450.0
78180.0,323.15,324.0708534970051,2.6133357697455595,500.0,1450.0
78240.0,323.15,324.1421241346091,2.6163567223608775,500.0,1450.0
78300.0,323.15,324.2127635997346,2.619375390513397,500.0,1450.0
78360.0,323.15,324.28277824956825,2.622391775565358,500.0,1450.0
78420.0,323.15,324.35217436967736,2.6254058788950423,500.0,1450.0
78480.0,323.15,324.4209581390962,2.6284177019363812,500.0,1450.0
78540.0,323.15,324.4891356828189,2.631427246119404,500.0,1450.0
78600.0,323.15,324.5567130560457,2.6344345128881077,500.0,1450.0
78660.0,323.15,324.62369624494016,2.637439503699601,500.0,1450.0
78720.0,323.15,324.69009116738465,2.640442220023244,500.0,1450.0
78780.0,323.15,324.7559036737393,2.6434426633397927,500.0,1450.0
78840.0,323.15,324.8211395456456,2.646440835172962,500.0,1450.0
78900.0,323.15,324.88580446688985,2.6494367373241854,500.0,1450.0
78960.0,323.15,324.94990407028826,2.652430371192282,500.0,1450.0
79020.0,323.15,325.01344409165125,2.6554217382821452,500.0,1450.0
79080.0,323.15,325.07643003298443,2.658410840153284,500.0,1450.0
79140.0,323.15,325.13886738139325,2.661397678340454,500.0,1450.0
79200.0,323.15,325.2007615701427,2.6643886607962006,500.0,1450.0
79260.0,323.15,325.26206975939505,2.6714155452235118,500.0,1450.0
79320.0,323.15,325.3227572452691,2.6784515286612947,500.0,1450.0
79380.0,323.15,325.38282965249044,2.6854838669433123,500.0,1450.0
79440.0,323.15,325.4422941194451,2.6925125618244574,500.0,1450.0
79500.0,323.15,325.501158350922,2.699537615175973,500.0,1450.0
79560.0,323.15,325.5594295774151,2.7065590287682695,500.0,1450.0
79620.0,323.15,325.61711567465414,2.713576804554191,500.0,1450.0
79680.0,323.15,325.6742244617354,2.7205909445185568,500.0,1450.0
79740.0,323.15,325.7307629997579,2.727601450568391,500.0,1450.0
79800.0,323.15,325.7867385191386,2.7346083246307336,500.0,1450.0
79860.0,323.15,325.84215824723975,2.741611568633809,500.0,1450.0
79920.0,323.15,325.8970291843804,2.748611184499784,500.0,1450.0
79980.0,323.15,325.95135856189887,2.7556071741562773,500.0,1450.0
80040.0,323.15,326.0051525332788,2.762599539548206,500.0,1450.0
80100.0,323.15,326.0584180527355,2.769588282605379,500.0,1450.0
80160.0,323.15,326.1111616410944,2.7765734052861646,500.0,1450.0
80220.0,323.15,326.16338968451413,2.7835549095562353,500.0,1450.0
80280.0,323.15,326.21510874150016,2.7905327973666694,500.0,1450.0
80340.0,323.15,326.26632477006143,2.79750707071124,500.0,1450.0
80400.0,323.15,326.3170442971456,2.804477731544172,500.0,1450.0
80460.0,323.15,326.36727302242633,2.811444781877596,500.0,1450.0
80520.0,323.15,326.4170172471286,2.81840822368145,500.0,1450.0
80580.0,323.15,326.4662828322917,2.8253680589528165,500.0,1450.0
80640.0,323.15,326.5150755189865,2.8323242896956473,500.0,1450.0
80700.0,323.15,326.56340112754657,2.839276917909373,500.0,1450.0
80760.0,323.15,326.61126533510304,2.84622594560158,500.0,1450.0
80792.59935616008,323.15,326.6370795854654,2.85000000057002,500.0,1450.0
80792.59935616008,323.15,326.6370795854654,2.85000000057002,500.0,0.0
80792.59936562121,323.15,326.6370796236494,2.8499999994298353,500.0,0.0
80792.59936562121,323.15,326.6370796236494,2.8499999994298353,500.0,0.0
80820.0,323.15,326.7574118529222,2.845992396978325,500.0,0.0
80880.0,323.15,327.0212276083542,2.8372206430564058,500.0,0.0
80940.0,323.15,327.2854854703846,2.828454129856371,500.0,0.0
81000.0,323.15,327.55018693922597,2.819692849853545,500.0,0.0
81060.0,323.15,327.81533357238635,2.8109367951789506,500.0,0.0
81120.0,323.15,328.08092701922527,2.8021859575699413,500.0,0.0
81180.0,323.15,328.3469689323627,2.7934403288481153,500.0,0.0
81240.0,323.15,328.6134609437526,2.7846999009735858,500.0,0.0
81300.0,323.15,328.8804046881597,2.7759646659387105,500.0,0.0
81360.0,323.15,329.14780179920814,2.7672346157222707,500.0,0.0
81420.0,323.15,329.41565395924664,2.758509742462117,500.0,0.0
81480.0,323.15,329.68396282831696,2.749790038230465,500.0,0.0
81540.0,323.15,329.952730057732,2.741075495072542,500.0,0.0
81600.0,323.15,330.2219573024841,2.7323661050508035,500.0,0.0
81660.0,323.15,330.4916462227622,2.723661860123385,500.0,0.0
81720.0,323.15,330.7617985540623,2.7149627524185935,500.0,0.0
81780.0,323.15,331.03241602689224,2.7062687740545894,500.0,0.0
81840.0,323.15,331.29804627859227,2.6975723892786587,0.0,0.0
81900.0,323.15,331.23172134860437,2.6884225983468304,0.0,0.0
81960.0,323.15,331.1652789577784,2.6792776978751687,0.0,0.0
82020.0,323.15,331.09871935622317,2.670137686700667,0.0,0.0
82080.0,323.15,331.03204209497966,2.661002562665752,0.0,0.0
82140.0,323.15,330.9652466831454,2.6518723234929173,0.0,0.0
82200.0,323.15,330.89833260221866,2.6427469668201446,0.0,0.0
82260.0,323.15,330.83129933789706,2.6336264903607134,0.0,0.0
82320.0,323.15,330.76414637714385,2.6245108918193023,0.0,0.0
82380.0,323.15,330.6968732122885,2.6154001689278843,0.0,0.0
82440.0,323.15,330.6294793232789,2.60629431941232,0.0,0.0
82500.0,323.15,330.56196417890175,2.597193341030019,0.0,0.0
82560.0,323.15,330.4943272625421,2.5880972315085677,0.0,0.0
82620.0,323.15,330.426568053332,2.579005988584241,0.0,0.0
82680.0,323.15,330.35868603037983,2.569919609979287,0.0,0.0
82740.0,323.15,330.2906806663946,2.560838093413111,0.0,0.0
82800.0,323.15,330.2225512724612,2.5517705548033525,0.0,0.0
82860.0,323.15,330.1543388065854,2.545786656518528,0.0,0.0
82920.0,323.15,330.0860855620048,2.5398557606999863,0.0,0.0
82980.0,323.15,330.0177928712141,2.5339782694502477,0.0,0.0
83040.0,323.15,329.9494616726187,2.5281541511051633,0.0,0.0
83100.0,323.15,329.8810937675332,2.522383344235055,0.0,0.0
83160.0,323.15,329.8126893235173,2.5166658434617384,0.0,0.0
83220.0,323.15,329.74425075817993,2.511001567985152,0.0,0.0
83280.0,323.15,329.67577858012174,2.5053905017744964,0.0,0.0
83340.0,323.15,329.6072744434537,2.4998325907376207,0.0,0.0
83400.0,323.15,329.53873943552725,2.4943278014965866,0.0,0.0
83460.0,323.15,329.47017513212285,2.488876084458503,0.0,0.0
83520.0,323.15,329.40158257792183,2.483477406756311,0.0,0.0
83580.0,323.15,329.3329631925781,2.4781317248628763,0.0,0.0
83640.0,323.15,329.2643186559049,2.4728389888075197,0.0,0.0
83700.0,323.15,329.1956501738005,2.467599160359496,0.0,0.0
83760.0,323.15,329.1269591273852,2.4624121969483785,0.0,0.0
83820.0,323.15,329.05824728006365,2.457278054009108,0.0,0.0
83880.0,323.15,328.9895159591504,2.45219668925234,0.0,0.0
83940.0,323.15,328.920766601337,2.447168059818141,0.0,0.0
84000.0,323.15,328.8520006953583,2.442192127816086,0.0,0.0
84060.0,323.15,328.78321973723774,2.4372688563743097,0.0,0.0
84120.0,323.15,328.71442517217537,2.4323982014862238,0.0,0.0
84180.0,323.15,328.6456184633187,2.427580123190881,0.0,0.0
84240.0,323.15,328.57680101122645,2.4228145957359954,0.0,0.0
84300.0,323.15,328.5079742989471,2.4181015746571926,0.0,0.0
84360.0,323.15,328.43913978163033,2.4134410218270284,0.0,0.0
84420.0,323.15,328.3702989390742,2.4088329035331637,0.0,0.0
84480.0,323.15,328.3014532483948,2.404277185577629,0.0,0.0
84536.96995273329,323.15,328.2360811646857,2.399999999519955,0.0,0.0
84536.96995273329,323.15,328.2360811646857,2.399999999519955,0.0,1450.0
84536.96996066984,323.15,328.2360811291624,2.40000000048009,0.0,1450.0
84536.96996066984,323.15,328.2360811291624,2.40000000048009,0.0,1450.0
84540.0,323.15,328.2191099155987,2.4005674820094396,0.0,1450.0
84600.0,323.15,327.8853504924239,2.4118308246982756,0.0,1450.0
84660.0,323.15,327.55598324702913,2.4231448329699354,0.0,1450.0
84720.0,323.15,327.23094309777076,2.434509561474783,0.0,1450.0
84780.0,323.15,326.91016188920054,2.44592502197049,0.0,1450.0
84840.0,323.15,326.59356743470204,2.4573912285943043,0.0,1450.0
84900.0,323.15,326.28108968044415,2.4689081971375373,0.0,1450.0
84960.0,323.15,325.97266212350263,2.48047594463205,0.0,1450.0
85020.0,323.15,325.6682204001398,2.492094489408203,0.0,1450.0
85080.0,323.15,325.3676989566748,2.5037638507732454,0.0,1450.0
85140.0,323.15,325.0710359352848,2.5154840496147814,0.0,1450.0
85200.0,323.15,324.7781695634663,2.5272551080341583,0.0,1450.0
85260.0,323.15,324.4890385444616,2.5390770494498898,0.0,1450.0
85320.0,323.15,324.2035834861011,2.550949898527725,0.0,1450.0
85380.0,323.15,323.9217457402164,2.5628736811733415,0.0,1450.0
85440.0,323.15,323.64346774478776,2.5748484244780157,0.0,1450.0
85500.0,323.15,323.3686931919098,2.5868741566681175,0.0,1450.0
85560.0,323.15,323.09736683785974,2.5989509071798502,0.0,1450.0
85620.0,323.15,322.8294343223534,2.6110787065933105,0.0,1450.0
85680.0,323.15,322.5648421977501,2.6232575866452845,0.0,1450.0
85740.0,323.15,322.3035382749575,2.635487580261546,0.0,1450.0
85800.0,323.15,322.0454712113447,2.6477687212383807,0.0,1450.0
85860.0,323.15,321.7905907189302,2.6601010446072744,0.0,1450.0
85920.0,323.15,321.5388474384053,2.672484586504184,0.0,1450.0
85980.0,323.15,321.2901925332881,2.684919383810053,0.0,1450.0
86040.0,323.15,321.0445785554852,2.6974054747858696,0.0,1450.0
86100.0,323.15,320.80195860054783,2.7099428984928506,0.0,1450.0
86160.0,323.15,320.56228670355387,2.7225316950580845,0.0,1450.0
86220.0,323.15,320.3255178396832,2.735171905667675,0.0,1450.0
86280.0,323.15,320.091607515234,2.747863572260579,0.0,1450.0
86340.0,323.15,319.8605123515685,2.7606067379878056,0.0,1450.0
86400.0,323.15,319.63218954652683,2.7734014467770556,0.0,1450.0
86400.0,323.15,319.63218954652683,2.7734014467770556,0.0,1450.0
