step,transition,m1_busy,m1_down,m1_idle,m1_repair,m2_busy,m2_down,m2_idle,m2_repair,p_buffer,p_in,p_m1,p_m2,p_out,tech_busy,tech_free
0,,0,0,1,0,0,0,1,0,0,1,0,0,0,0,1
1,T0,1,0,0,0,0,0,1,0,0,0,1,0,0,0,1
2,T12,1,0,0,0,0,0,1,0,0,1,1,0,0,0,1
3,T2,0,1,0,0,0,0,1,0,0,1,1,0,0,0,1
4,T5,0,0,0,1,0,0,1,0,0,1,1,0,0,1,0
5,T7,1,0,0,0,0,0,1,0,0,1,1,0,0,0,1
6,T1,0,0,1,0,0,0,1,0,1,1,0,0,0,0,1
7,T11,0,0,1,0,1,0,0,0,0,1,0,1,0,0,1
8,T4,0,0,1,0,0,1,0,0,0,1,0,1,0,0,1
9,T6,0,0,1,0,0,0,0,1,0,1,0,1,0,1,0
10,T0,1,0,0,0,0,0,0,1,0,0,1,1,0,1,0
11,T2,0,1,0,0,0,0,0,1,0,0,1,1,0,1,0
12,T8,0,1,0,0,1,0,0,0,0,0,1,1,0,0,1
13,T3,0,1,0,0,0,0,1,0,0,0,1,0,1,0,1
14,T12,0,1,0,0,0,0,1,0,0,1,1,0,1,0,1
15,T13,0,1,0,0,0,0,1,0,0,1,1,0,0,0,1
16,T5,0,0,0,1,0,0,1,0,0,1,1,0,0,1,0
17,T7,1,0,0,0,0,0,1,0,0,1,1,0,0,0,1
18,T1,0,0,1,0,0,0,1,0,1,1,0,0,0,0,1
19,T0,1,0,0,0,0,0,1,0,1,0,1,0,0,0,1
20,T11,1,0,0,0,1,0,0,0,0,0,1,1,0,0,1
21,T2,0,1,0,0,1,0,0,0,0,0,1,1,0,0,1
22,T4,0,1,0,0,0,1,0,0,0,0,1,1,0,0,1
23,T6,0,1,0,0,0,0,0,1,0,0,1,1,0,1,0
24,T8,0,1,0,0,1,0,0,0,0,0,1,1,0,0,1
25,T5,0,0,0,1,1,0,0,0,0,0,1,1,0,1,0
26,T7,1,0,0,0,1,0,0,0,0,0,1,1,0,0,1
27,T4,1,0,0,0,0,1,0,0,0,0,1,1,0,0,1
28,T2,0,1,0,0,0,1,0,0,0,0,1,1,0,0,1
29,T12,0,1,0,0,0,1,0,0,0,1,1,1,0,0,1
30,T6,0,1,0,0,0,0,0,1,0,1,1,1,0,1,0
31,T8,0,1,0,0,1,0,0,0,0,1,1,1,0,0,1
32,T4,0,1,0,0,0,1,0,0,0,1,1,1,0,0,1
33,T6,0,1,0,0,0,0,0,1,0,1,1,1,0,1,0
34,T8,0,1,0,0,1,0,0,0,0,1,1,1,0,0,1
35,T4,0,1,0,0,0,1,0,0,0,1,1,1,0,0,1
36,T5,0,0,0,1,0,1,0,0,0,1,1,1,0,1,0
37,T7,1,0,0,0,0,1,0,0,0,1,1,1,0,0,1
38,T1,0,0,1,0,0,1,0,0,1,1,0,1,0,0,1
39,T0,1,0,0,0,0,1,0,0,1,0,1,1,0,0,1
40,T12,1,0,0,0,0,1,0,0,1,1,1,1,0,0,1
41,T6,1,0,0,0,0,0,0,1,1,1,1,1,0,1,0
42,T2,0,1,0,0,0,0,0,1,1,1,1,1,0,1,0
43,T8,0,1,0,0,1,0,0,0,1,1,1,1,0,0,1
44,T3,0,1,0,0,0,0,1,0,1,1,1,0,1,0,1
45,T5,0,0,0,1,0,0,1,0,1,1,1,0,1,1,0
46,T11,0,0,0,1,1,0,0,0,0,1,1,1,1,1,0
47,T13,0,0,0,1,1,0,0,0,0,1,1,1,0,1,0
48,T7,1,0,0,0,1,0,0,0,0,1,1,1,0,0,1
49,T4,1,0,0,0,0,1,0,0,0,1,1,1,0,0,1
50,T1,0,0,1,0,0,1,0,0,1,1,0,1,0,0,1
51,T6,0,0,1,0,0,0,0,1,1,1,0,1,0,1,0
52,T8,0,0,1,0,1,0,0,0,1,1,0,1,0,0,1
53,T0,1,0,0,0,1,0,0,0,1,0,1,1,0,0,1
54,T3,1,0,0,0,0,0,1,0,1,0,1,0,1,0,1
55,T12,1,0,0,0,0,0,1,0,1,1,1,0,1,0,1
56,T2,0,1,0,0,0,0,1,0,1,1,1,0,1,0,1
57,T13,0,1,0,0,0,0,1,0,1,1,1,0,0,0,1
58,T5,0,0,0,1,0,0,1,0,1,1,1,0,0,1,0
59,T7,1,0,0,0,0,0,1,0,1,1,1,0,0,0,1
60,T2,0,1,0,0,0,0,1,0,1,1,1,0,0,0,1
61,T11,0,1,0,0,1,0,0,0,0,1,1,1,0,0,1
62,T5,0,0,0,1,1,0,0,0,0,1,1,1,0,1,0
63,T7,1,0,0,0,1,0,0,0,0,1,1,1,0,0,1
64,T2,0,1,0,0,1,0,0,0,0,1,1,1,0,0,1
65,T4,0,1,0,0,0,1,0,0,0,1,1,1,0,0,1
66,T6,0,1,0,0,0,0,0,1,0,1,1,1,0,1,0
67,T8,0,1,0,0,1,0,0,0,0,1,1,1,0,0,1
68,T4,0,1,0,0,0,1,0,0,0,1,1,1,0,0,1
69,T6,0,1,0,0,0,0,0,1,0,1,1,1,0,1,0
70,T8,0,1,0,0,1,0,0,0,0,1,1,1,0,0,1
71,T4,0,1,0,0,0,1,0,0,0,1,1,1,0,0,1
72,T5,0,0,0,1,0,1,0,0,0,1,1,1,0,1,0
73,T7,1,0,0,0,0,1,0,0,0,1,1,1,0,0,1
74,T1,0,0,1,0,0,1,0,0,1,1,0,1,0,0,1
75,T0,1,0,0,0,0,1,0,0,1,0,1,1,0,0,1
76,T6,1,0,0,0,0,0,0,1,1,0,1,1,0,1,0
77,T2,0,1,0,0,0,0,0,1,1,0,1,1,0,1,0
78,T12,0,1,0,0,0,0,0,1,1,1,1,1,0,1,0
79,T8,0,1,0,0,1,0,0,0,1,1,1,1,0,0,1
80,T5,0,0,0,1,1,0,0,0,1,1,1,1,0,1,0
81,T3,0,0,0,1,0,0,1,0,1,1,1,0,1,1,0
82,T11,0,0,0,1,1,0,0,0,0,1,1,1,1,1,0
83,T4,0,0,0,1,0,1,0,0,0,1,1,1,1,1,0
84,T7,1,0,0,0,0,1,0,0,0,1,1,1,1,0,1
85,T1,0,0,1,0,0,1,0,0,1,1,0,1,1,0,1
86,T13,0,0,1,0,0,1,0,0,1,1,0,1,0,0,1
87,T6,0,0,1,0,0,0,0,1,1,1,0,1,0,1,0
88,T0,1,0,0,0,0,0,0,1,1,0,1,1,0,1,0
89,T8,1,0,0,0,1,0,0,0,1,0,1,1,0,0,1
90,T2,0,1,0,0,1,0,0,0,1,0,1,1,0,0,1
91,T4,0,1,0,0,0,1,0,0,1,0,1,1,0,0,1
92,T6,0,1,0,0,0,0,0,1,1,0,1,1,0,1,0
93,T12,0,1,0,0,0,0,0,1,1,1,1,1,0,1,0
94,T8,0,1,0,0,1,0,0,0,1,1,1,1,0,0,1
95,T5,0,0,0,1,1,0,0,0,1,1,1,1,0,1,0
96,T3,0,0,0,1,0,0,1,0,1,1,1,0,1,1,0
97,T11,0,0,0,1,1,0,0,0,0,1,1,1,1,1,0
98,T13,0,0,0,1,1,0,0,0,0,1,1,1,0,1,0
99,T7,1,0,0,0,1,0,0,0,0,1,1,1,0,0,1
100,T2,0,1,0,0,1,0,0,0,0,1,1,1,0,0,1
101,T5,0,0,0,1,1,0,0,0,0,1,1,1,0,1,0
102,T4,0,0,0,1,0,1,0,0,0,1,1,1,0,1,0
103,T7,1,0,0,0,0,1,0,0,0,1,1,1,0,0,1
104,T6,1,0,0,0,0,0,0,1,0,1,1,1,0,1,0
105,T2,0,1,0,0,0,0,0,1,0,1,1,1,0,1,0
106,T8,0,1,0,0,1,0,0,0,0,1,1,1,0,0,1
107,T5,0,0,0,1,1,0,0,0,0,1,1,1,0,1,0
108,T7,1,0,0,0,1,0,0,0,0,1,1,1,0,0,1
109,T3,1,0,0,0,0,0,1,0,0,1,1,0,1,0,1
110,T2,0,1,0,0,0,0,1,0,0,1,1,0,1,0,1
111,T5,0,0,0,1,0,0,1,0,0,1,1,0,1,1,0
112,T13,0,0,0,1,0,0,1,0,0,1,1,0,0,1,0
113,T7,1,0,0,0,0,0,1,0,0,1,1,0,0,0,1
114,T1,0,0,1,0,0,0,1,0,1,1,0,0,0,0,1
115,T11,0,0,1,0,1,0,0,0,0,1,0,1,0,0,1
116,T3,0,0,1,0,0,0,1,0,0,1,0,0,1,0,1
117,T13,0,0,1,0,0,0,1,0,0,1,0,0,0,0,1
118,T0,1,0,0,0,0,0,1,0,0,0,1,0,0,0,1
119,T12,1,0,0,0,0,0,1,0,0,1,1,0,0,0,1
120,T2,0,1,0,0,0,0,1,0,0,1,1,0,0,0,1
121,T5,0,0,0,1,0,0,1,0,0,1,1,0,0,1,0
122,T7,1,0,0,0,0,0,1,0,0,1,1,0,0,0,1
123,T1,0,0,1,0,0,0,1,0,1,1,0,0,0,0,1
124,T0,1,0,0,0,0,0,1,0,1,0,1,0,0,0,1
125,T11,1,0,0,0,1,0,0,0,0,0,1,1,0,0,1
126,T1,0,0,1,0,1,0,0,0,1,0,0,1,0,0,1
127,T3,0,0,1,0,0,0,1,0,1,0,0,0,1,0,1
128,T11,0,0,1,0,1,0,0,0,0,0,0,1,1,0,1
129,T4,0,0,1,0,0,1,0,0,0,0,0,1,1,0,1
130,T13,0,0,1,0,0,1,0,0,0,0,0,1,0,0,1
131,T6,0,0,1,0,0,0,0,1,0,0,0,1,0,1,0
132,T12,0,0,1,0,0,0,0,1,0,1,0,1,0,1,0
133,T0,1,0,0,0,0,0,0,1,0,0,1,1,0,1,0
134,T2,0,1,0,0,0,0,0,1,0,0,1,1,0,1,0
135,T8,0,1,0,0,1,0,0,0,0,0,1,1,0,0,1
136,T4,0,1,0,0,0,1,0,0,0,0,1,1,0,0,1
137,T5,0,0,0,1,0,1,0,0,0,0,1,1,0,1,0
138,T7,1,0,0,0,0,1,0,0,0,0,1,1,0,0,1
139,T1,0,0,1,0,0,1,0,0,1,0,0,1,0,0,1
140,T6,0,0,1,0,0,0,0,1,1,0,0,1,0,1,0
141,T8,0,0,1,0,1,0,0,0,1,0,0,1,0,0,1
142,T4,0,0,1,0,0,1,0,0,1,0,0,1,0,0,1
143,T6,0,0,1,0,0,0,0,1,1,0,0,1,0,1,0
144,T8,0,0,1,0,1,0,0,0,1,0,0,1,0,0,1
145,T4,0,0,1,0,0,1,0,0,1,0,0,1,0,0,1
146,T6,0,0,1,0,0,0,0,1,1,0,0,1,0,1,0
147,T12,0,0,1,0,0,0,0,1,1,1,0,1,0,1,0
148,T8,0,0,1,0,1,0,0,0,1,1,0,1,0,0,1
149,T0,1,0,0,0,1,0,0,0,1,0,1,1,0,0,1
150,T4,1,0,0,0,0,1,0,0,1,0,1,1,0,0,1
151,T12,1,0,0,0,0,1,0,0,1,1,1,1,0,0,1
152,T6,1,0,0,0,0,0,0,1,1,1,1,1,0,1,0
153,T2,0,1,0,0,0,0,0,1,1,1,1,1,0,1,0
154,T8,0,1,0,0,1,0,0,0,1,1,1,1,0,0,1
155,T5,0,0,0,1,1,0,0,0,1,1,1,1,0,1,0
156,T3,0,0,0,1,0,0,1,0,1,1,1,0,1,1,0
157,T7,1,0,0,0,0,0,1,0,1,1,1,0,1,0,1
158,T2,0,1,0,0,0,0,1,0,1,1,1,0,1,0,1
159,T11,0,1,0,0,1,0,0,0,0,1,1,1,1,0,1
160,T5,0,0,0,1,1,0,0,0,0,1,1,1,1,1,0
161,T4,0,0,0,1,0,1,0,0,0,1,1,1,1,1,0
162,T7,1,0,0,0,0,1,0,0,0,1,1,1,1,0,1
163,T1,0,0,1,0,0,1,0,0,1,1,0,1,1,0,1
164,T0,1,0,0,0,0,1,0,0,1,0,1,1,1,0,1
165,T2,0,1,0,0,0,1,0,0,1,0,1,1,1,0,1
166,T12,0,1,0,0,0,1,0,0,1,1,1,1,1,0,1
167,T13,0,1,0,0,0,1,0,0,1,1,1,1,0,0,1
168,T5,0,0,0,1,0,1,0,0,1,1,1,1,0,1,0
169,T7,1,0,0,0,0,1,0,0,1,1,1,1,0,0,1
170,T2,0,1,0,0,0,1,0,0,1,1,1,1,0,0,1
171,T5,0,0,0,1,0,1,0,0,1,1,1,1,0,1,0
172,T7,1,0,0,0,0,1,0,0,1,1,1,1,0,0,1
173,T6,1,0,0,0,0,0,0,1,1,1,1,1,0,1,0
174,T8,1,0,0,0,1,0,0,0,1,1,1,1,0,0,1
175,T3,1,0,0,0,0,0,1,0,1,1,1,0,1,0,1
176,T13,1,0,0,0,0,0,1,0,1,1,1,0,0,0,1
177,T2,0,1,0,0,0,0,1,0,1,1,1,0,0,0,1
178,T11,0,1,0,0,1,0,0,0,0,1,1,1,0,0,1
179,T3,0,1,0,0,0,0,1,0,0,1,1,0,1,0,1
180,T13,0,1,0,0,0,0,1,0,0,1,1,0,0,0,1
181,T5,0,0,0,1,0,0,1,0,0,1,1,0,0,1,0
182,T7,1,0,0,0,0,0,1,0,0,1,1,0,0,0,1
183,T1,0,0,1,0,0,0,1,0,1,1,0,0,0,0,1
184,T0,1,0,0,0,0,0,1,0,1,0,1,0,0,0,1
185,T12,1,0,0,0,0,0,1,0,1,1,1,0,0,0,1
186,T11,1,0,0,0,1,0,0,0,0,1,1,1,0,0,1
187,T2,0,1,0,0,1,0,0,0,0,1,1,1,0,0,1
188,T5,0,0,0,1,1,0,0,0,0,1,1,1,0,1,0
189,T7,1,0,0,0,1,0,0,0,0,1,1,1,0,0,1
190,T4,1,0,0,0,0,1,0,0,0,1,1,1,0,0,1
191,T1,0,0,1,0,0,1,0,0,1,1,0,1,0,0,1
192,T0,1,0,0,0,0,1,0,0,1,0,1,1,0,0,1
193,T2,0,1,0,0,0,1,0,0,1,0,1,1,0,0,1
194,T6,0,1,0,0,0,0,0,1,1,0,1,1,0,1,0
195,T12,0,1,0,0,0,0,0,1,1,1,1,1,0,1,0
196,T8,0,1,0,0,1,0,0,0,1,1,1,1,0,0,1
197,T4,0,1,0,0,0,1,0,0,1,1,1,1,0,0,1
198,T5,0,0,0,1,0,1,0,0,1,1,1,1,0,1,0
199,T7,1,0,0,0,0,1,0,0,1,1,1,1,0,0,1
200,T6,1,0,0,0,0,0,0,1,1,1,1,1,0,1,0
