step,transition,m1_busy,m1_down,m1_idle,m1_repair,m2_busy,m2_down,m2_idle,m2_repair,p_in,p_m1,p_m2,p_out,idle,tech_busy,tech_free
0,,0,0,1,0,0,0,1,0,1,0,0,0,0,0,1
1,T1,1,0,0,0,0,0,1,0,0,1,0,0,0,0,1
2,T3,0,0,1,0,1,0,0,0,0,0,1,0,0,0,1
3,T6,0,0,1,0,0,1,0,0,0,0,1,0,0,0,1
4,T8,0,0,1,0,0,0,0,1,0,0,1,0,0,1,0
5,T10,0,0,1,0,1,0,0,0,0,0,1,0,0,0,1
6,T5,0,0,1,0,0,0,1,0,0,0,0,1,0,0,1
7,T11,0,0,1,0,0,0,1,0,0,0,0,0,1,0,1
8,T14,0,0,1,0,0,0,1,0,0,0,0,0,1,0,1
9,T13,0,0,1,0,0,0,1,0,1,0,0,0,0,0,1
10,T1,1,0,0,0,0,0,1,0,0,1,0,0,0,0,1
11,T3,0,0,1,0,1,0,0,0,0,0,1,0,0,0,1
12,T5,0,0,1,0,0,0,1,0,0,0,0,1,0,0,1
13,T11,0,0,1,0,0,0,1,0,0,0,0,0,1,0,1
14,T14,0,0,1,0,0,0,1,0,0,0,0,0,1,0,1
15,T13,0,0,1,0,0,0,1,0,1,0,0,0,0,0,1
16,T1,1,0,0,0,0,0,1,0,0,1,0,0,0,0,1
17,T4,0,1,0,0,0,0,1,0,0,1,0,0,0,0,1
18,T7,0,0,0,1,0,0,1,0,0,1,0,0,0,1,0
19,T9,1,0,0,0,0,0,1,0,0,1,0,0,0,0,1
20,T4,0,1,0,0,0,0,1,0,0,1,0,0,0,0,1
21,T7,0,0,0,1,0,0,1,0,0,1,0,0,0,1,0
22,T9,1,0,0,0,0,0,1,0,0,1,0,0,0,0,1
23,T4,0,1,0,0,0,0,1,0,0,1,0,0,0,0,1
24,T7,0,0,0,1,0,0,1,0,0,1,0,0,0,1,0
25,T9,1,0,0,0,0,0,1,0,0,1,0,0,0,0,1
26,T3,0,0,1,0,1,0,0,0,0,0,1,0,0,0,1
27,T5,0,0,1,0,0,0,1,0,0,0,0,1,0,0,1
28,T11,0,0,1,0,0,0,1,0,0,0,0,0,1,0,1
29,T13,0,0,1,0,0,0,1,0,1,0,0,0,0,0,1
30,T1,1,0,0,0,0,0,1,0,0,1,0,0,0,0,1
31,T3,0,0,1,0,1,0,0,0,0,0,1,0,0,0,1
32,T5,0,0,1,0,0,0,1,0,0,0,0,1,0,0,1
33,T11,0,0,1,0,0,0,1,0,0,0,0,0,1,0,1
34,T14,0,0,1,0,0,0,1,0,0,0,0,0,1,0,1
35,T13,0,0,1,0,0,0,1,0,1,0,0,0,0,0,1
36,T1,1,0,0,0,0,0,1,0,0,1,0,0,0,0,1
37,T3,0,0,1,0,1,0,0,0,0,0,1,0,0,0,1
38,T6,0,0,1,0,0,1,0,0,0,0,1,0,0,0,1
39,T8,0,0,1,0,0,0,0,1,0,0,1,0,0,1,0
40,T10,0,0,1,0,1,0,0,0,0,0,1,0,0,0,1
41,T5,0,0,1,0,0,0,1,0,0,0,0,1,0,0,1
42,T11,0,0,1,0,0,0,1,0,0,0,0,0,1,0,1
43,T13,0,0,1,0,0,0,1,0,1,0,0,0,0,0,1
44,T1,1,0,0,0,0,0,1,0,0,1,0,0,0,0,1
45,T3,0,0,1,0,1,0,0,0,0,0,1,0,0,0,1
46,T5,0,0,1,0,0,0,1,0,0,0,0,1,0,0,1
47,T11,0,0,1,0,0,0,1,0,0,0,0,0,1,0,1
48,T14,0,0,1,0,0,0,1,0,0,0,0,0,1,0,1
49,T13,0,0,1,0,0,0,1,0,1,0,0,0,0,0,1
50,T1,1,0,0,0,0,0,1,0,0,1,0,0,0,0,1
51,T4,0,1,0,0,0,0,1,0,0,1,0,0,0,0,1
52,T7,0,0,0,1,0,0,1,0,0,1,0,0,0,1,0
53,T9,1,0,0,0,0,0,1,0,0,1,0,0,0,0,1
54,T4,0,1,0,0,0,0,1,0,0,1,0,0,0,0,1
55,T7,0,0,0,1,0,0,1,0,0,1,0,0,0,1,0
56,T9,1,0,0,0,0,0,1,0,0,1,0,0,0,0,1
57,T4,0,1,0,0,0,0,1,0,0,1,0,0,0,0,1
58,T7,0,0,0,1,0,0,1,0,0,1,0,0,0,1,0
59,T9,1,0,0,0,0,0,1,0,0,1,0,0,0,0,1
60,T3,0,0,1,0,1,0,0,0,0,0,1,0,0,0,1
61,T6,0,0,1,0,0,1,0,0,0,0,1,0,0,0,1
62,T8,0,0,1,0,0,0,0,1,0,0,1,0,0,1,0
63,T10,0,0,1,0,1,0,0,0,0,0,1,0,0,0,1
64,T5,0,0,1,0,0,0,1,0,0,0,0,1,0,0,1
65,T11,0,0,1,0,0,0,1,0,0,0,0,0,1,0,1
66,T14,0,0,1,0,0,0,1,0,0,0,0,0,1,0,1
67,T14,0,0,1,0,0,0,1,0,0,0,0,0,1,0,1
68,T14,0,0,1,0,0,0,1,0,0,0,0,0,1,0,1
69,T14,0,0,1,0,0,0,1,0,0,0,0,0,1,0,1
70,T14,0,0,1,0,0,0,1,0,0,0,0,0,1,0,1
71,T13,0,0,1,0,0,0,1,0,1,0,0,0,0,0,1
72,T1,1,0,0,0,0,0,1,0,0,1,0,0,0,0,1
73,T4,0,1,0,0,0,0,1,0,0,1,0,0,0,0,1
74,T7,0,0,0,1,0,0,1,0,0,1,0,0,0,1,0
75,T9,1,0,0,0,0,0,1,0,0,1,0,0,0,0,1
76,T4,0,1,0,0,0,0,1,0,0,1,0,0,0,0,1
77,T7,0,0,0,1,0,0,1,0,0,1,0,0,0,1,0
78,T9,1,0,0,0,0,0,1,0,0,1,0,0,0,0,1
79,T4,0,1,0,0,0,0,1,0,0,1,0,0,0,0,1
80,T7,0,0,0,1,0,0,1,0,0,1,0,0,0,1,0
81,T9,1,0,0,0,0,0,1,0,0,1,0,0,0,0,1
82,T4,0,1,0,0,0,0,1,0,0,1,0,0,0,0,1
83,T7,0,0,0,1,0,0,1,0,0,1,0,0,0,1,0
84,T9,1,0,0,0,0,0,1,0,0,1,0,0,0,0,1
85,T3,0,0,1,0,1,0,0,0,0,0,1,0,0,0,1
86,T5,0,0,1,0,0,0,1,0,0,0,0,1,0,0,1
87,T11,0,0,1,0,0,0,1,0,0,0,0,0,1,0,1
88,T13,0,0,1,0,0,0,1,0,1,0,0,0,0,0,1
89,T1,1,0,0,0,0,0,1,0,0,1,0,0,0,0,1
90,T4,0,1,0,0,0,0,1,0,0,1,0,0,0,0,1
91,T7,0,0,0,1,0,0,1,0,0,1,0,0,0,1,0
92,T9,1,0,0,0,0,0,1,0,0,1,0,0,0,0,1
93,T3,0,0,1,0,1,0,0,0,0,0,1,0,0,0,1
94,T6,0,0,1,0,0,1,0,0,0,0,1,0,0,0,1
95,T8,0,0,1,0,0,0,0,1,0,0,1,0,0,1,0
96,T10,0,0,1,0,1,0,0,0,0,0,1,0,0,0,1
97,T6,0,0,1,0,0,1,0,0,0,0,1,0,0,0,1
98,T8,0,0,1,0,0,0,0,1,0,0,1,0,0,1,0
99,T10,0,0,1,0,1,0,0,0,0,0,1,0,0,0,1
100,T6,0,0,1,0,0,1,0,0,0,0,1,0,0,0,1
101,T8,0,0,1,0,0,0,0,1,0,0,1,0,0,1,0
102,T10,0,0,1,0,1,0,0,0,0,0,1,0,0,0,1
103,T5,0,0,1,0,0,0,1,0,0,0,0,1,0,0,1
104,T11,0,0,1,0,0,0,1,0,0,0,0,0,1,0,1
105,T14,0,0,1,0,0,0,1,0,0,0,0,0,1,0,1
106,T14,0,0,1,0,0,0,1,0,0,0,0,0,1,0,1
107,T14,0,0,1,0,0,0,1,0,0,0,0,0,1,0,1
108,T13,0,0,1,0,0,0,1,0,1,0,0,0,0,0,1
109,T1,1,0,0,0,0,0,1,0,0,1,0,0,0,0,1
110,T3,0,0,1,0,1,0,0,0,0,0,1,0,0,0,1
111,T5,0,0,1,0,0,0,1,0,0,0,0,1,0,0,1
112,T11,0,0,1,0,0,0,1,0,0,0,0,0,1,0,1
113,T14,0,0,1,0,0,0,1,0,0,0,0,0,1,0,1
114,T14,0,0,1,0,0,0,1,0,0,0,0,0,1,0,1
115,T13,0,0,1,0,0,0,1,0,1,0,0,0,0,0,1
116,T1,1,0,0,0,0,0,1,0,0,1,0,0,0,0,1
117,T3,0,0,1,0,1,0,0,0,0,0,1,0,0,0,1
118,T6,0,0,1,0,0,1,0,0,0,0,1,0,0,0,1
119,T8,0,0,1,0,0,0,0,1,0,0,1,0,0,1,0
120,T10,0,0,1,0,1,0,0,0,0,0,1,0,0,0,1
121,T6,0,0,1,0,0,1,0,0,0,0,1,0,0,0,1
122,T8,0,0,1,0,0,0,0,1,0,0,1,0,0,1,0
123,T10,0,0,1,0,1,0,0,0,0,0,1,0,0,0,1
124,T5,0,0,1,0,0,0,1,0,0,0,0,1,0,0,1
125,T11,0,0,1,0,0,0,1,0,0,0,0,0,1,0,1
126,T14,0,0,1,0,0,0,1,0,0,0,0,0,1,0,1
127,T14,0,0,1,0,0,0,1,0,0,0,0,0,1,0,1
128,T13,0,0,1,0,0,0,1,0,1,0,0,0,0,0,1
129,T1,1,0,0,0,0,0,1,0,0,1,0,0,0,0,1
130,T4,0,1,0,0,0,0,1,0,0,1,0,0,0,0,1
131,T7,0,0,0,1,0,0,1,0,0,1,0,0,0,1,0
132,T9,1,0,0,0,0,0,1,0,0,1,0,0,0,0,1
133,T3,0,0,1,0,1,0,0,0,0,0,1,0,0,0,1
134,T6,0,0,1,0,0,1,0,0,0,0,1,0,0,0,1
135,T8,0,0,1,0,0,0,0,1,0,0,1,0,0,1,0
136,T10,0,0,1,0,1,0,0,0,0,0,1,0,0,0,1
137,T5,0,0,1,0,0,0,1,0,0,0,0,1,0,0,1
138,T11,0,0,1,0,0,0,1,0,0,0,0,0,1,0,1
139,T14,0,0,1,0,0,0,1,0,0,0,0,0,1,0,1
140,T13,0,0,1,0,0,0,1,0,1,0,0,0,0,0,1
141,T1,1,0,0,0,0,0,1,0,0,1,0,0,0,0,1
142,T4,0,1,0,0,0,0,1,0,0,1,0,0,0,0,1
143,T7,0,0,0,1,0,0,1,0,0,1,0,0,0,1,0
144,T9,1,0,0,0,0,0,1,0,0,1,0,0,0,0,1
145,T3,0,0,1,0,1,0,0,0,0,0,1,0,0,0,1
146,T6,0,0,1,0,0,1,0,0,0,0,1,0,0,0,1
147,T8,0,0,1,0,0,0,0,1,0,0,1,0,0,1,0
148,T10,0,0,1,0,1,0,0,0,0,0,1,0,0,0,1
149,T5,0,0,1,0,0,0,1,0,0,0,0,1,0,0,1
150,T11,0,0,1,0,0,0,1,0,0,0,0,0,1,0,1
151,T14,0,0,1,0,0,0,1,0,0,0,0,0,1,0,1
152,T14,0,0,1,0,0,0,1,0,0,0,0,0,1,0,1
153,T14,0,0,1,0,0,0,1,0,0,0,0,0,1,0,1
154,T14,0,0,1,0,0,0,1,0,0,0,0,0,1,0,1
155,T14,0,0,1,0,0,0,1,0,0,0,0,0,1,0,1
156,T14,0,0,1,0,0,0,1,0,0,0,0,0,1,0,1
157,T14,0,0,1,0,0,0,1,0,0,0,0,0,1,0,1
158,T14,0,0,1,0,0,0,1,0,0,0,0,0,1,0,1
159,T13,0,0,1,0,0,0,1,0,1,0,0,0,0,0,1
160,T1,1,0,0,0,0,0,1,0,0,1,0,0,0,0,1
161,T4,0,1,0,0,0,0,1,0,0,1,0,0,0,0,1
162,T7,0,0,0,1,0,0,1,0,0,1,0,0,0,1,0
163,T9,1,0,0,0,0,0,1,0,0,1,0,0,0,0,1
164,T4,0,1,0,0,0,0,1,0,0,1,0,0,0,0,1
165,T7,0,0,0,1,0,0,1,0,0,1,0,0,0,1,0
166,T9,1,0,0,0,0,0,1,0,0,1,0,0,0,0,1
167,T3,0,0,1,0,1,0,0,0,0,0,1,0,0,0,1
168,T6,0,0,1,0,0,1,0,0,0,0,1,0,0,0,1
169,T8,0,0,1,0,0,0,0,1,0,0,1,0,0,1,0
170,T10,0,0,1,0,1,0,0,0,0,0,1,0,0,0,1
171,T5,0,0,1,0,0,0,1,0,0,0,0,1,0,0,1
172,T11,0,0,1,0,0,0,1,0,0,0,0,0,1,0,1
173,T13,0,0,1,0,0,0,1,0,1,0,0,0,0,0,1
174,T1,1,0,0,0,0,0,1,0,0,1,0,0,0,0,1
175,T3,0,0,1,0,1,0,0,0,0,0,1,0,0,0,1
176,T6,0,0,1,0,0,1,0,0,0,0,1,0,0,0,1
177,T8,0,0,1,0,0,0,0,1,0,0,1,0,0,1,0
178,T10,0,0,1,0,1,0,0,0,0,0,1,0,0,0,1
179,T5,0,0,1,0,0,0,1,0,0,0,0,1,0,0,1
180,T11,0,0,1,0,0,0,1,0,0,0,0,0,1,0,1
181,T14,0,0,1,0,0,0,1,0,0,0,0,0,1,0,1
182,T14,0,0,1,0,0,0,1,0,0,0,0,0,1,0,1
183,T13,0,0,1,0,0,0,1,0,1,0,0,0,0,0,1
184,T1,1,0,0,0,0,0,1,0,0,1,0,0,0,0,1
185,T3,0,0,1,0,1,0,0,0,0,0,1,0,0,0,1
186,T6,0,0,1,0,0,1,0,0,0,0,1,0,0,0,1
187,T8,0,0,1,0,0,0,0,1,0,0,1,0,0,1,0
188,T10,0,0,1,0,1,0,0,0,0,0,1,0,0,0,1
189,T6,0,0,1,0,0,1,0,0,0,0,1,0,0,0,1
190,T8,0,0,1,0,0,0,0,1,0,0,1,0,0,1,0
191,T10,0,0,1,0,1,0,0,0,0,0,1,0,0,0,1
192,T6,0,0,1,0,0,1,0,0,0,0,1,0,0,0,1
193,T8,0,0,1,0,0,0,0,1,0,0,1,0,0,1,0
194,T10,0,0,1,0,1,0,0,0,0,0,1,0,0,0,1
195,T6,0,0,1,0,0,1,0,0,0,0,1,0,0,0,1
196,T8,0,0,1,0,0,0,0,1,0,0,1,0,0,1,0
197,T10,0,0,1,0,1,0,0,0,0,0,1,0,0,0,1
198,T5,0,0,1,0,0,0,1,0,0,0,0,1,0,0,1
199,T11,0,0,1,0,0,0,1,0,0,0,0,0,1,0,1
200,T13,0,0,1,0,0,0,1,0,1,0,0,0,0,0,1
