step,transition,alternate,green,red,yellow
0,,0,0,1,0
1,T1,0,0,1,0
2,T0,0,0,0,1
3,T2,0,0,0,1
4,T2,0,0,0,1
5,T2,0,0,0,1
6,T2,0,0,0,1
7,T2,0,0,0,1
8,T4,1,1,0,0
9,T3,1,1,0,0
10,T3,1,1,0,0
11,T5,1,0,0,1
12,T2,1,0,0,1
13,T6,0,0,1,0
14,T1,0,0,1,0
15,T0,0,0,0,1
16,T4,1,1,0,0
17,T3,1,1,0,0
18,T5,1,0,0,1
19,T6,0,0,1,0
20,T0,0,0,0,1
21,T4,1,1,0,0
22,T5,1,0,0,1
23,T6,0,0,1,0
24,T0,0,0,0,1
25,T2,0,0,0,1
26,T4,1,1,0,0
27,T5,1,0,0,1
28,T6,0,0,1,0
29,T0,0,0,0,1
30,T4,1,1,0,0
31,T3,1,1,0,0
32,T3,1,1,0,0
33,T5,1,0,0,1
34,T6,0,0,1,0
35,T1,0,0,1,0
36,T1,0,0,1,0
37,T0,0,0,0,1
38,T4,1,1,0,0
39,T3,1,1,0,0
40,T5,1,0,0,1
41,T2,1,0,0,1
42,T2,1,0,0,1
43,T6,0,0,1,0
44,T0,0,0,0,1
45,T4,1,1,0,0
46,T5,1,0,0,1
47,T6,0,0,1,0
48,T0,0,0,0,1
49,T2,0,0,0,1
50,T4,1,1,0,0
51,T5,1,0,0,1
52,T6,0,0,1,0
53,T1,0,0,1,0
54,T1,0,0,1,0
55,T0,0,0,0,1
56,T4,1,1,0,0
57,T5,1,0,0,1
58,T2,1,0,0,1
59,T2,1,0,0,1
60,T6,0,0,1,0
61,T0,0,0,0,1
62,T2,0,0,0,1
63,T4,1,1,0,0
64,T3,1,1,0,0
65,T3,1,1,0,0
66,T5,1,0,0,1
67,T2,1,0,0,1
68,T2,1,0,0,1
69,T2,1,0,0,1
70,T6,0,0,1,0
71,T0,0,0,0,1
72,T4,1,1,0,0
73,T3,1,1,0,0
74,T3,1,1,0,0
75,T3,1,1,0,0
76,T3,1,1,0,0
77,T5,1,0,0,1
78,T2,1,0,0,1
79,T2,1,0,0,1
80,T6,0,0,1,0
81,T1,0,0,1,0
82,T0,0,0,0,1
83,T2,0,0,0,1
84,T2,0,0,0,1
85,T2,0,0,0,1
86,T2,0,0,0,1
87,T4,1,1,0,0
88,T3,1,1,0,0
89,T5,1,0,0,1
90,T2,1,0,0,1
91,T6,0,0,1,0
92,T0,0,0,0,1
93,T4,1,1,0,0
94,T3,1,1,0,0
95,T5,1,0,0,1
96,T2,1,0,0,1
97,T6,0,0,1,0
98,T1,0,0,1,0
99,T0,0,0,0,1
100,T2,0,0,0,1
101,T2,0,0,0,1
102,T2,0,0,0,1
103,T4,1,1,0,0
104,T3,1,1,0,0
105,T3,1,1,0,0
106,T5,1,0,0,1
107,T2,1,0,0,1
108,T2,1,0,0,1
109,T6,0,0,1,0
110,T1,0,0,1,0
111,T0,0,0,0,1
112,T2,0,0,0,1
113,T2,0,0,0,1
114,T4,1,1,0,0
115,T5,1,0,0,1
116,T2,1,0,0,1
117,T6,0,0,1,0
118,T0,0,0,0,1
119,T2,0,0,0,1
120,T2,0,0,0,1
121,T2,0,0,0,1
122,T2,0,0,0,1
123,T2,0,0,0,1
124,T4,1,1,0,0
125,T5,1,0,0,1
126,T6,0,0,1,0
127,T0,0,0,0,1
128,T2,0,0,0,1
129,T2,0,0,0,1
130,T2,0,0,0,1
131,T4,1,1,0,0
132,T3,1,1,0,0
133,T3,1,1,0,0
134,T3,1,1,0,0
135,T5,1,0,0,1
136,T2,1,0,0,1
137,T2,1,0,0,1
138,T6,0,0,1,0
139,T0,0,0,0,1
140,T4,1,1,0,0
141,T3,1,1,0,0
142,T5,1,0,0,1
143,T2,1,0,0,1
144,T6,0,0,1,0
145,T1,0,0,1,0
146,T1,0,0,1,0
147,T0,0,0,0,1
148,T4,1,1,0,0
149,T5,1,0,0,1
150,T2,1,0,0,1
151,T2,1,0,0,1
152,T6,0,0,1,0
153,T1,0,0,1,0
154,T1,0,0,1,0
155,T1,0,0,1,0
156,T1,0,0,1,0
157,T0,0,0,0,1
158,T4,1,1,0,0
159,T5,1,0,0,1
160,T2,1,0,0,1
161,T6,0,0,1,0
162,T1,0,0,1,0
163,T1,0,0,1,0
164,T1,0,0,1,0
165,T0,0,0,0,1
166,T4,1,1,0,0
167,T5,1,0,0,1
168,T2,1,0,0,1
169,T6,0,0,1,0
170,T1,0,0,1,0
171,T1,0,0,1,0
172,T0,0,0,0,1
173,T2,0,0,0,1
174,T2,0,0,0,1
175,T4,1,1,0,0
176,T5,1,0,0,1
177,T2,1,0,0,1
178,T6,0,0,1,0
179,T1,0,0,1,0
180,T1,0,0,1,0
181,T0,0,0,0,1
182,T4,1,1,0,0
183,T3,1,1,0,0
184,T5,1,0,0,1
185,T2,1,0,0,1
186,T2,1,0,0,1
187,T6,0,0,1,0
188,T1,0,0,1,0
189,T0,0,0,0,1
190,T4,1,1,0,0
191,T5,1,0,0,1
192,T6,0,0,1,0
193,T1,0,0,1,0
194,T1,0,0,1,0
195,T1,0,0,1,0
196,T1,0,0,1,0
197,T0,0,0,0,1
198,T4,1,1,0,0
199,T5,1,0,0,1
200,T2,1,0,0,1
